type,iri,label,label_de,description,description_de,subclass of,subproperty of,domain,range,same as,equivalent class,equivalent property,note,instance of
http://www.w3.org/2002/07/owl#ObjectProperty,wgm:instance_of,instance of,ist ein(e),this item is a specific example and a member of that class,dieses Objekt ist ein spezifisches Beispiel und gehört zu dieser Klasse,,,,,,,http://www.wikidata.org/entity/P31,"Wikibase ID: P1,Wikibase datatype: wikibase-item",
http://www.w3.org/2002/07/owl#DatatypeProperty,wgm:start_date,start date,Startdatum,"when an event started, use property 'end date' as well (the property 'date' should be used alternatively when an event only has a point in time instead of a time span)","wenn ein Ereignis begonnen hat, auch die Eigenschaft »Enddatum« verwenden (die Eigenschaft »Datum« sollte alternativ verwendet werden, wenn ein Ereignis nur einen Zeitpunkt statt einer Zeitspanne hat)",,,https://gitlab.com/nfdi4culture/wikibase4research/model/event,http://www.w3.org/2001/XMLSchema#date,,,"https://schema.org/startDate,http://www.wikidata.org/entity/P580","Wikibase ID: P10,Wikibase datatype: edtf",
http://www.w3.org/2002/07/owl#DatatypeProperty,wgm:getty_ulan,Getty ULAN,Getty ULAN,identifier from the Union List of Artist Names by the Getty Research Institute,Kennung aus der Union List of Artist Names des Getty Research Institute,,,https://gitlab.com/nfdi4culture/wikibase4research/model/human,http://www.w3.org/2001/XMLSchema#string,,,http://www.wikidata.org/entity/P245,"Wikibase ID: P100,Wikibase datatype: external-id",
http://www.w3.org/2002/07/owl#DatatypeProperty,wgm:geonames,Geonames,Geonames,identifier in the GeoNames geographical database,Kennung in der GeoNames geographical database,,,https://gitlab.com/nfdi4culture/wikibase4research/model/place,http://www.w3.org/2001/XMLSchema#string,,,http://www.wikidata.org/entity/P1566,"Wikibase ID: P101,Wikibase datatype: external-id",
http://www.w3.org/2002/07/owl#DatatypeProperty,wgm:gnd,GND,GND,"identifier from an international authority file of names, subjects, and organizations - Deutsche Nationalbibliothek","Kennung aus einer internationalen Normdatei für Personennamen, Körperschaften und Schlagwörter – Deutsche Nationalbibliothek",,,"https://gitlab.com/nfdi4culture/wikibase4research/model/physical_object,https://gitlab.com/nfdi4culture/wikibase4research/model/actor",http://www.w3.org/2001/XMLSchema#string,,,http://www.wikidata.org/entity/P227,"Wikibase ID: P102,Wikibase datatype: external-id",
http://www.w3.org/2002/07/owl#DatatypeProperty,wgm:doi,DOI,DOI,serial code used to uniquely identify digital objects like academic papers (use upper case letters only),Seriencode zur eindeutigen Identifizierung digitaler Objekte wie wissenschaftlicher Arbeiten (nur Großbuchstaben verwenden),,,https://gitlab.com/nfdi4culture/wikibase4research/model/digital_object,http://www.w3.org/2001/XMLSchema#string,,,http://www.wikidata.org/entity/P356,"Wikibase ID: P103,Wikibase datatype: external-id",
http://www.w3.org/2002/07/owl#DatatypeProperty,wgm:end_date,end date,Enddatum,"when an event finished, use property 'start date' as well (the property 'date' should be used alternatively when an event only has a point in time instead of a time span)","wenn ein Ereignis beendet wurde, auch die Eigenschaft »Startdatum« verwenden (die Eigenschaft »Datum« sollte alternativ verwendet werden, wenn ein Ereignis nur einen Zeitpunkt statt einer Zeitspanne hat)",,,https://gitlab.com/nfdi4culture/wikibase4research/model/event,http://www.w3.org/2001/XMLSchema#date,,,"https://schema.org/endDate,http://www.wikidata.org/entity/P582","Wikibase ID: P11,Wikibase datatype: edtf",
http://www.w3.org/2002/07/owl#DatatypeProperty,wgm:date,date,Datum,used for events that are associated with a point in time instead of a time span (use start date and end date for indicating a time span),"wird für Ereignisse verwendet, die mit einem Zeitpunkt und nicht mit einer Zeitspanne verbunden sind (verwenden Sie Start- und Enddatum zur Angabe einer Zeitspanne)",,,https://gitlab.com/nfdi4culture/wikibase4research/model/event,http://www.w3.org/2001/XMLSchema#date,,,http://www.wikidata.org/entity/P585,"Wikibase ID: P12,Wikibase datatype: edtf",
http://www.w3.org/2002/07/owl#ObjectProperty,wgm:participant,participant,hatte Teilnehmer,person who participated in an event,"Person, die an einem Ereignis teilgenommen hat",,,https://gitlab.com/nfdi4culture/wikibase4research/model/event,https://gitlab.com/nfdi4culture/wikibase4research/model/actor,,,"http://www.cidoc-crm.org/cidoc-crm/P11_had_participant,https://schema.org/participant,http://www.wikidata.org/entity/P710","Wikibase ID: P13,Wikibase datatype: wikibase-item",
http://www.w3.org/2002/07/owl#ObjectProperty,wgm:carried_out_by,carried out by,wurde ausgeführt von,active agent of an event,aktiver Akteur eines Ereignisses,,,https://gitlab.com/nfdi4culture/wikibase4research/model/event,https://gitlab.com/nfdi4culture/wikibase4research/model/actor,,,"http://www.cidoc-crm.org/cidoc-crm/P14_carried_out_by,https://schema.org/agent","Wikibase ID: P14,Wikibase datatype: wikibase-item",
http://www.w3.org/2002/07/owl#ObjectProperty,wgm:transferred_title_to,transferred title to,Eigentum übertragen auf,for ownership changes: previous owner,bei Besitztitelwechsel: vorheriger Besitzer,,,https://gitlab.com/nfdi4culture/wikibase4research/model/event,https://gitlab.com/nfdi4culture/wikibase4research/model/actor,,,http://www.cidoc-crm.org/cidoc-crm/P22_transferred_title_to,"Wikibase ID: P15,Wikibase datatype: wikibase-item",
http://www.w3.org/2002/07/owl#ObjectProperty,wgm:transferred_title_from,transferred title from,Eigentum übertragen von,for ownership changes: new owner,bei Eigentümerwechsel: neuer Eigentümer,,,https://gitlab.com/nfdi4culture/wikibase4research/model/event,https://gitlab.com/nfdi4culture/wikibase4research/model/actor,,,http://www.cidoc-crm.org/cidoc-crm/P23_transferred_title_from,"Wikibase ID: P16,Wikibase datatype: wikibase-item",
http://www.w3.org/2002/07/owl#ObjectProperty,wgm:moved_to,moved to,Ortswechsel nach,new location of this item,neuer Standort dieses Objekts,,,https://gitlab.com/nfdi4culture/wikibase4research/model/event,https://gitlab.com/nfdi4culture/wikibase4research/model/place,,,http://www.cidoc-crm.org/cidoc-crm/P26_moved_to,"Wikibase ID: P17,Wikibase datatype: wikibase-item",
http://www.w3.org/2002/07/owl#ObjectProperty,wgm:moved_from,moved from,Ortswechsel von,previous location of this item,früherer Standort dieses Objekts,,,https://gitlab.com/nfdi4culture/wikibase4research/model/event,https://gitlab.com/nfdi4culture/wikibase4research/model/place,,,http://www.cidoc-crm.org/cidoc-crm/P27_moved_from,"Wikibase ID: P18,Wikibase datatype: wikibase-item",
http://www.w3.org/2002/07/owl#ObjectProperty,wgm:custody_surrendered_by,custody surrendered by,Gewahrsam übergeben von,previous custodian of this item,vorheriger Verwahrer dieses Objekts,,,https://gitlab.com/nfdi4culture/wikibase4research/model/event,"https://gitlab.com/nfdi4culture/wikibase4research/model/human,https://gitlab.com/nfdi4culture/wikibase4research/model/group",,,http://www.cidoc-crm.org/cidoc-crm/P28_custody_surrendered_by,"Wikibase ID: P19,Wikibase datatype: wikibase-item",
http://www.w3.org/2002/07/owl#ObjectProperty,wgm:subclass_of,subclass of,Unterklasse von,points to the superclass of this class,verweist auf die Oberklasse dieser Klasse,,,,,,,http://www.wikidata.org/entity/P279,"Wikibase ID: P2,Wikibase datatype: wikibase-item",
http://www.w3.org/2002/07/owl#ObjectProperty,wgm:custody_received_by,custody received by,Gewahrsam übertragen auf,new custodian of this item,neuer Verwahrer dieses Objekts,,,https://gitlab.com/nfdi4culture/wikibase4research/model/event,https://gitlab.com/nfdi4culture/wikibase4research/model/actor,,,http://www.cidoc-crm.org/cidoc-crm/P29_custody_received_by,"Wikibase ID: P20,Wikibase datatype: wikibase-item",
http://www.w3.org/2002/07/owl#ObjectProperty,wgm:placeholder,placeholder,Platzhalter,placeholder property,Platzhalterobjekt,,,,,,,,"Wikibase ID: P21,Wikibase datatype: wikibase-item",
http://www.w3.org/2002/07/owl#ObjectProperty,wgm:material_used,material used,verwendetes Material,material used for creating or changing an item,"Material, das zur Erstellung oder Modifikation eines Objekts verwendet wird",,,https://gitlab.com/nfdi4culture/wikibase4research/model/physical_object,https://gitlab.com/nfdi4culture/wikibase4research/model/material,,,http://www.cidoc-crm.org/cidoc-crm/P126_employed,"Wikibase ID: P22,Wikibase datatype: wikibase-item",
http://www.w3.org/2002/07/owl#ObjectProperty,wgm:consists_of,consists of,besteht aus,material an item is made from,"Material, aus dem ein Objekt hergestellt ist",,,"https://gitlab.com/nfdi4culture/wikibase4research/model/pysical_object,https://gitlab.com/nfdi4culture/wikibase4research/model/conceptual_object",https://gitlab.com/nfdi4culture/wikibase4research/model/material,,,"http://www.cidoc-crm.org/cidoc-crm/P45_consists_of,https://schema.org/material,http://www.wikidata.org/entity/P186","Wikibase ID: P23,Wikibase datatype: wikibase-item",
http://www.w3.org/2002/07/owl#DatatypeProperty,wgm:bears_feature,bears feature,trägt Merkmal,feature of an object,Merkmal eines Gegenstand,,,https://gitlab.com/nfdi4culture/wikibase4research/model/physical_object,http://www.w3.org/2001/XMLSchema#string,,,http://www.cidoc-crm.org/cidoc-crm/P56_bears_feature,"Wikibase ID: P24,Wikibase datatype: string",
http://www.w3.org/2002/07/owl#DatatypeProperty,wgm:inscription,inscription,Inschrift,piece of text on an object,Textstück auf einem Gegenstand,,,https://gitlab.com/nfdi4culture/wikibase4research/model/physical_object,http://www.w3.org/2001/XMLSchema#string,,,http://www.wikidata.org/entity/P1684,"Wikibase ID: P25,Wikibase datatype: string",
http://www.w3.org/2002/07/owl#ObjectProperty,wgm:has_condition,condition,hat Zustand,condition of an object,Zustand eines Gegenstands,,,"https://gitlab.com/nfdi4culture/wikibase4research/model/pysical_object,https://gitlab.com/nfdi4culture/wikibase4research/model/conceptual_object",https://gitlab.com/nfdi4culture/wikibase4research/model/condition,,,http://www.cidoc-crm.org/cidoc-crm/P44_has_condition,"Wikibase ID: P26,Wikibase datatype: wikibase-item",
http://www.w3.org/2002/07/owl#ObjectProperty,wgm:part_removed,part removed,Teil entfernt,which part was removed from this item,welcher Teil von diesem Objekt entfernt wurde,,,https://gitlab.com/nfdi4culture/wikibase4research/model/event,https://gitlab.com/nfdi4culture/wikibase4research/model/human-made_object,,,http://www.cidoc-crm.org/cidoc-crm/P113_removed,"Wikibase ID: P27,Wikibase datatype: wikibase-item",
http://www.w3.org/2002/07/owl#ObjectProperty,wgm:part_added,part added,Teil hinzugefügt,which part was added to this item,welcher Teil zu diesem Objekt hinzugefügt wurde,,,https://gitlab.com/nfdi4culture/wikibase4research/model/event,https://gitlab.com/nfdi4culture/wikibase4research/model/human-made_object,,,http://www.cidoc-crm.org/cidoc-crm/P111_added,"Wikibase ID: P28,Wikibase datatype: wikibase-item",
http://www.w3.org/2002/07/owl#ObjectProperty,wgm:resulted_in,resulted in,ergab,new item created by a transformation,"neues Objekt, das durch eine Transformation entstanden ist",,,https://gitlab.com/nfdi4culture/wikibase4research/model/event,https://gitlab.com/nfdi4culture/wikibase4research/model/human-made_object,,,http://www.cidoc-crm.org/cidoc-crm/P123_resulted_in,"Wikibase ID: P29,Wikibase datatype: wikibase-item",
http://www.w3.org/2002/07/owl#ObjectProperty,wgm:subproperty_of,subproperty of,Untereigenschaft von,points to the superproperty of this property,verweist auf die übergeordnete Eigenschaft dieser Eigenschaft,,,,,,,http://www.wikidata.org/entity/P1647,"Wikibase ID: P3,Wikibase datatype: wikibase-property",
http://www.w3.org/2002/07/owl#ObjectProperty,wgm:used_for,used for,benutzt für,purpose or use of an item,Zweck oder Verwendung eines Objekts,,,https://gitlab.com/nfdi4culture/wikibase4research/model/physical_object,https://gitlab.com/nfdi4culture/wikibase4research/model/function,,,"http://www.cidoc-crm.org/cidoc-crm/P101_had_as_general_use,http://www.wikidata.org/entity/P366","Wikibase ID: P30,Wikibase datatype: wikibase-item",
http://www.w3.org/2002/07/owl#DatatypeProperty,wgm:dimension,dimension,hat Dimension,superproperty for dimensions like height and width,übergeordnete Eigenschaft für Abmessungen wie Höhe und Breite,,,"https://gitlab.com/nfdi4culture/wikibase4research/model/physical_object,https://gitlab.com/nfdi4culture/wikibase4research/model/conceptual_object",,,,http://www.cidoc-crm.org/cidoc-crm/P43_has_dimension,"Wikibase ID: P31,Wikibase datatype: quantity",
http://www.w3.org/2002/07/owl#DatatypeProperty,wgm:height,height,Höhe,height of an item,Höhe eines Objekts,,https://gitlab.com/nfdi4culture/wikibase4research/model/has_dimension,https://gitlab.com/nfdi4culture/wikibase4research/model/physical_object,http://www.w3.org/2001/XMLSchema#float,,,"https://schema.org/height,http://www.wikidata.org/entity/P2048","Wikibase ID: P32,Wikibase datatype: quantity",
http://www.w3.org/2002/07/owl#DatatypeProperty,wgm:length,length,Länge,length of an item,Länge eines Objekts,,https://gitlab.com/nfdi4culture/wikibase4research/model/has_dimension,https://gitlab.com/nfdi4culture/wikibase4research/model/physical_object,http://www.w3.org/2001/XMLSchema#float,,,http://www.wikidata.org/entity/P2043,"Wikibase ID: P33,Wikibase datatype: quantity",
http://www.w3.org/2002/07/owl#DatatypeProperty,wgm:width,width,Breite,width of an item,Breite eines Objekts,,https://gitlab.com/nfdi4culture/wikibase4research/model/has_dimension,https://gitlab.com/nfdi4culture/wikibase4research/model/physical_object,http://www.w3.org/2001/XMLSchema#float,,,"https://schema.org/width,http://www.wikidata.org/entity/P2049","Wikibase ID: P34,Wikibase datatype: quantity",
http://www.w3.org/2002/07/owl#DatatypeProperty,wgm:weight,weight,Gewicht,weight of an item,Gewicht eines Objekts,,https://gitlab.com/nfdi4culture/wikibase4research/model/has_dimension,https://gitlab.com/nfdi4culture/wikibase4research/model/physical_object,http://www.w3.org/2001/XMLSchema#float,,,"https://schema.org/weight,http://www.wikidata.org/entity/P2067","Wikibase ID: P35,Wikibase datatype: quantity",
http://www.w3.org/2002/07/owl#DatatypeProperty,wgm:address,address,Adresse,"street address of an item, usually a building or organisation","Adresse eines Objektes, in der Regel eines Gebäudes oder einer Organisation",,,https://gitlab.com/nfdi4culture/wikibase4research/model/physical_object,http://www.w3.org/2001/XMLSchema#string,,,"https://schema.org/address,http://www.wikidata.org/entity/P6375","Wikibase ID: P36,Wikibase datatype: string",
http://www.w3.org/2002/07/owl#DatatypeProperty,wgm:coordinate_location,coordinate location,geographische Koordinaten,exact location of an item,genauer Standort eines Objekts,,,"https://gitlab.com/nfdi4culture/wikibase4research/model/physical_object,https://gitlab.com/nfdi4culture/wikibase4research/model/place",http://www.w3.org/2001/XMLSchema#string,,,"https://schema.org/geo,http://www.wikidata.org/entity/P625","Wikibase ID: P37,Wikibase datatype: globe-coordinate",
http://www.w3.org/2002/07/owl#ObjectProperty,wgm:location,location,Standort,describes where an item is located,"beschreibt, wo sich ein Objekt befindet",,,https://gitlab.com/nfdi4culture/wikibase4research/model/physical_object,https://gitlab.com/nfdi4culture/wikibase4research/model/place,,,"http://www.cidoc-crm.org/cidoc-crm/P53_has_former_or_current_location,https://schema.org/location,http://www.wikidata.org/entity/P276","Wikibase ID: P38,Wikibase datatype: wikibase-item",
http://www.w3.org/2002/07/owl#ObjectProperty,wgm:has_position,position,hat Position,indicates the position of an item within a location,gibt die Position eines Objekts innerhalb eines Standorts an,,,"https://gitlab.com/nfdi4culture/wikibase4research/model/pysical_object,https://gitlab.com/nfdi4culture/wikibase4research/model/conceptual_object",https://gitlab.com/nfdi4culture/wikibase4research/model/position,,,,"Wikibase ID: P39,Wikibase datatype: wikibase-item",
http://www.w3.org/2002/07/owl#DatatypeProperty,wgm:title,title,Titel,title of a creative work when explicitly given,"Titel eines kreativen Werks, wenn ausdrücklich angegeben",,,"https://gitlab.com/nfdi4culture/wikibase4research/model/physical_object, https://gitlab.com/nfdi4culture/wikibase4research/model/conceptual_object",http://www.w3.org/2001/XMLSchema#string,,,http://www.wikidata.org/entity/P1476,"Wikibase ID: P4,Wikibase datatype: string",
http://www.w3.org/2002/07/owl#ObjectProperty,wgm:by_mother,by mother,durch Mutter,links the event Birth to an instance of an actor in the role of birth-giving mother,verknüpft das Ereignis Geburt mit einer Instanz eines Akteurs in der Rolle der gebärenden Mutter,,,https://gitlab.com/nfdi4culture/wikibase4research/model/event,https://gitlab.com/nfdi4culture/wikibase4research/model/actor,,,http://cidoc-crm.org/cidoc-crm/7.1.2/P96_by_mother,"Wikibase ID: P40,Wikibase datatype: wikibase-item",
http://www.w3.org/2002/07/owl#ObjectProperty,wgm:from_father,from father,gab Vaterschaft,links the event Birth to an instance of an actor in the role of biological father,verknüpft das Ereignis Geburt mit einer Instanz eines Akteurs in der Rolle des biologischen Vaters,,,https://gitlab.com/nfdi4culture/wikibase4research/model/event,https://gitlab.com/nfdi4culture/wikibase4research/model/actor,,,http://cidoc-crm.org/cidoc-crm/7.1.2/P97_from_father,"Wikibase ID: P41,Wikibase datatype: wikibase-item",
http://www.w3.org/2002/07/owl#ObjectProperty,wgm:spouse,spouse,Ehepartner,"the subject has the object as their spouse (husband, wife, partner, etc.)","das Subjekt hat das Objekt als seinen/ihren Ehepartner (Ehemann, Ehefrau, Partner usw.)",,,https://gitlab.com/nfdi4culture/wikibase4research/model/actor,https://gitlab.com/nfdi4culture/wikibase4research/model/actor,,,http://www.wikidata.org/entity/P26,"Wikibase ID: P42,Wikibase datatype: wikibase-item",
http://www.w3.org/2002/07/owl#ObjectProperty,wgm:in_custody_of,in custody of,in Gewahrsam von,agent who holds an item,"Agent, welcher eine Objekt verwahrt",,,https://gitlab.com/nfdi4culture/wikibase4research/model/human-made_object,https://gitlab.com/nfdi4culture/wikibase4research/model/actor,,,http://www.cidoc-crm.org/cidoc-crm/P49_has_former_or_current_keeper,"Wikibase ID: P43,Wikibase datatype: wikibase-item",
http://www.w3.org/2002/07/owl#ObjectProperty,wgm:owner,owner,Eigentümer,agent who owns an item,"Agent, welcher ein Objekt besitzt",,,https://gitlab.com/nfdi4culture/wikibase4research/model/human-made_object,https://gitlab.com/nfdi4culture/wikibase4research/model/actor,,,"http://www.cidoc-crm.org/cidoc-crm/P51_has_former_or_current_owner,http://www.wikidata.org/entity/P127","Wikibase ID: P44,Wikibase datatype: wikibase-item",
http://www.w3.org/2002/07/owl#ObjectProperty,wgm:right_held_by,right held by,Rechte gehalten von,identifies the agent who owns the rights to an item,"identifiziert den Akteur, der die Rechte an einem Objekt besitzt",,,https://gitlab.com/nfdi4culture/wikibase4research/model/media_item,https://gitlab.com/nfdi4culture/wikibase4research/model/actor,,,http://cidoc-crm.org/cidoc-crm/7.1.2/P105_right_held_by,"Wikibase ID: P45,Wikibase datatype: wikibase-item",
http://www.w3.org/2002/07/owl#ObjectProperty,wgm:curator,curator,Kurator,agent who curates a collection,"Akteur, welcher eine Sammlung kuratiert",,,https://gitlab.com/nfdi4culture/wikibase4research/model/collection,https://gitlab.com/nfdi4culture/wikibase4research/model/actor,,,"http://www.cidoc-crm.org/cidoc-crm/P109_has_current_or_former_curator,http://www.wikidata.org/entity/P1640","Wikibase ID: P46,Wikibase datatype: wikibase-item",
http://www.w3.org/2002/07/owl#ObjectProperty,wgm:sibling_of,sibling of,ist Geschwisterteil von,associates an instance of Human with another instance of Human who plays the role of the first instances sibling,"assoziiert eine Instanz von Mensch mit einer anderen Instanz von Mensch, die die Rolle des Geschwisterteils der ersten Instanz spielt",,,https://gitlab.com/nfdi4culture/wikibase4research/model/human,https://gitlab.com/nfdi4culture/wikibase4research/model/human,,,,"Wikibase ID: P47,Wikibase datatype: wikibase-item",
http://www.w3.org/2002/07/owl#ObjectProperty,wgm:parent_of,parent of,ist Elternteil von,associates an instance of Human with another instance of Human who plays the role of the first instances child,"assoziiert eine Instanz von Mensch mit einer anderen Instanz von Mensch, die die Rolle des Kindes der ersten Instanz spielt",,,https://gitlab.com/nfdi4culture/wikibase4research/model/human,https://gitlab.com/nfdi4culture/wikibase4research/model/human,,,http://cidoc-crm.org/cidoc-crm/7.1.2/P152_has_parent,"Wikibase ID: P48,Wikibase datatype: wikibase-item",
http://www.w3.org/2002/07/owl#ObjectProperty,wgm:has_sex_or_gender,sex or gender,hat Geschlecht,sex or gender identity of a person,Geschlecht oder Geschlechtsidentität einer Person,,,https://gitlab.com/nfdi4culture/wikibase4research/model/human,https://gitlab.com/nfdi4culture/wikibase4research/model/sex_or_gender,,,http://www.wikidata.org/entity/P21,"Wikibase ID: P49,Wikibase datatype: wikibase-item",
http://www.w3.org/2002/07/owl#ObjectProperty,wgm:has_part,has part,hat Teil,another item that is part of this item,"ein anderes Objekt, das Teil dieses Objekts ist",,,,,,,"http://www.cidoc-crm.org/cidoc-crm/P45_consists_of,https://schema.org/hasPart,http://www.wikidata.org/entity/P527","Wikibase ID: P5,Wikibase datatype: wikibase-item",
http://www.w3.org/2002/07/owl#ObjectProperty,wgm:affiliation,affiliation,Zugehörigkeit,affiliation of a person or organisation to an item,Zugehörigkeit einer Person oder Organisation zu einem Gegenstand,,,https://gitlab.com/nfdi4culture/wikibase4research/model/actor,https://gitlab.com/nfdi4culture/wikibase4research/model/actor,,,"http://www.cidoc-crm.org/cidoc-crm/P107_has_current_or_former_member,https://schema.org/affiliation,http://www.wikidata.org/entity/P1416","Wikibase ID: P50,Wikibase datatype: wikibase-item",
http://www.w3.org/2002/07/owl#ObjectProperty,wgm:contact_person,contact person,Kontaktperson,agent who is the official contact point about an item,"Akteur, welcher die offizielle Anlaufstelle für ein Objekt ist",,,"https://gitlab.com/nfdi4culture/wikibase4research/model/pysical_object,https://gitlab.com/nfdi4culture/wikibase4research/model/conceptual_object",https://gitlab.com/nfdi4culture/wikibase4research/model/actor,,,,"Wikibase ID: P51,Wikibase datatype: wikibase-item",
http://www.w3.org/2002/07/owl#DatatypeProperty,wgm:contact_point,contact point,Kontaktpunkt,how an organisation or group can be contacted,wie eine Organisation oder Gruppe kontaktiert werden kann,,,https://gitlab.com/nfdi4culture/wikibase4research/model/group,,,,http://www.cidoc-crm.org/cidoc-crm/P76_has_contact_point,"Wikibase ID: P129,Wikibase datatype: string",
http://www.w3.org/2002/07/owl#ObjectProperty,wgm:license,license,Lizenz,the license that clarifies use rights for this item (also use property 'cite as' to indicate the proper citation if applicable),"die Lizenz, die die Nutzungsrechte für diesen Artikel klärt (verwenden Sie gegebenenfalls auch die Eigenschaft »zitieren als«, um die richtige Zitierung anzugeben)",,,https://gitlab.com/nfdi4culture/wikibase4research/model/conceptual_object,https://gitlab.com/nfdi4culture/wikibase4research/model/license,,,"http://www.cidoc-crm.org/cidoc-crm/P104_is_subject_to,https://schema.org/license,http://www.wikidata.org/entity/P275","Wikibase ID: P53,Wikibase datatype: wikibase-item",
http://www.w3.org/2002/07/owl#DatatypeProperty,wgm:copyright_statement,copyright statement,Urheberrechtserklärung,how to cite this item in compliance with the license (also use property 'license' to indicate usage rights),"wie Sie den Artikel in Übereinstimmung mit der Lizenz zitieren (verwenden Sie die Eigenschaft „Lizenz“, um die Nutzungsrechte anzugeben)",,,"https://gitlab.com/nfdi4culture/wikibase4research/model/physical_object,https://gitlab.com/nfdi4culture/wikibase4research/model/conceptual_object",http://www.w3.org/2001/XMLSchema#string,,,http://www.cidoc-crm.org/cidoc-crm/P105_right_held_by,"Wikibase ID: P130,Wikibase datatype: string",
http://www.w3.org/2002/07/owl#ObjectProperty,wgm:stated_in,stated in,angegeben in,points to the bibliographic item where a claim was stated in - to be used in the references field under a statement,"verweist auf den bibliografischen Eintrag, in dem eine Behauptung angegeben wurde – zu verwenden im Feld Referenzen unter einer Behauptung",,,,https://gitlab.com/nfdi4culture/wikibase4research/model/bibliographic_work,,,http://www.wikidata.org/entity/P248,"Wikibase ID: P55,Wikibase datatype: wikibase-item",
http://www.w3.org/2002/07/owl#DatatypeProperty,wgm:reference_url,reference url,Referenz-URL,URL where a claim was made - to be used in the references field under a statement,"URL, in der eine Behauptung aufgestellt wurde – unter Stellungnahme im Feld »Referenzen« zu verwenden",,,,http://www.w3.org/2001/XMLSchema#string,,,http://www.wikidata.org/entity/P854,"Wikibase ID: P56,Wikibase datatype: url",
http://www.w3.org/2002/07/owl#DatatypeProperty,wgm:external_link,external link,externer Link,links to external resources or media representations,verweist auf externe Ressourcen oder Mediendarstellungen,,,https://gitlab.com/nfdi4culture/wikibase4research/model/media_item,http://www.w3.org/2001/XMLSchema#string,,,,"Wikibase ID: P57,Wikibase datatype: url",
http://www.w3.org/2002/07/owl#ObjectProperty,wgm:documented_in,documented in,wird belegt in,points to a bibliographic item which documents this item or provides further information about it,"verweist auf einen bibliografischen Titel, der diesen Titel dokumentiert oder weitere Informationen über ihn liefert",,,"https://gitlab.com/nfdi4culture/wikibase4research/model/pysical_object,https://gitlab.com/nfdi4culture/wikibase4research/model/conceptual_object",https://gitlab.com/nfdi4culture/wikibase4research/model/bibliographic_work,,,http://www.cidoc-crm.org/cidoc-crm/P70_documents,"Wikibase ID: P58,Wikibase datatype: wikibase-item",
http://www.w3.org/2002/07/owl#DatatypeProperty,wgm:full_citation,full citation,vollständige Quellenangabe,how a bibliographic item a would be cited,wie ein bibliographischer Titel zitiert werden soll,,,https://gitlab.com/nfdi4culture/wikibase4research/model/bibliographic_work,http://www.w3.org/2001/XMLSchema#string,,,,"Wikibase ID: P59,Wikibase datatype: string",
http://www.w3.org/2002/07/owl#ObjectProperty,wgm:part_of,part of,ist Teil von,the item that this item is a part of,"das Objekt, zu dem dieses Objekt gehört",,,,,,,"http://www.cidoc-crm.org/cidoc-crm/P46_is_composed_of,https://schema.org/isPartOf,http://www.wikidata.org/entity/P361","Wikibase ID: P6,Wikibase datatype: wikibase-item",
http://www.w3.org/2002/07/owl#DatatypeProperty,wgm:publication_date,publication date,Veröffentlichungsdatum,point in time when a bibliographic item was published,"Zeitpunkt, zu dem ein bibliografischer Titel veröffentlicht wurde",,,https://gitlab.com/nfdi4culture/wikibase4research/model/bibliographic_work,http://www.w3.org/2001/XMLSchema#date,,,"https://schema.org/datePublished,http://www.wikidata.org/entity/P577","Wikibase ID: P60,Wikibase datatype: edtf",
http://www.w3.org/2002/07/owl#DatatypeProperty,wgm:image,image,Bild,"visual depiction of this item, typically used for documentation only rather than representation (see also P32)","visuelle Darstellung dieses Objekts, die in der Regel nur zur Dokumentation und nicht zur Darstellung verwendet wird (siehe auch P32)",,,"https://gitlab.com/nfdi4culture/wikibase4research/model/medial_item,https://gitlab.com/nfdi4culture/wikibase4research/model/annotation",http://www.w3.org/2001/XMLSchema#string,,,"https://schema.org/image,http://www.wikidata.org/entity/P18","Wikibase ID: P61,Wikibase datatype: localMedia",
http://www.w3.org/2002/07/owl#ObjectProperty,wgm:representation,representation,hat Darstellung,media item that represents this item,"Medienelement, das dieses Objekt darstellt",,,https://gitlab.com/nfdi4culture/wikibase4research/model/pysical_object,https://gitlab.com/nfdi4culture/wikibase4research/model/media_item,,,http://www.cidoc-crm.org/cidoc-crm/P138_represents,"Wikibase ID: P62,Wikibase datatype: wikibase-item",
http://www.w3.org/2002/07/owl#ObjectProperty,wgm:object_of_representation,object of representation,Gegenstand der Darstellung,the item that is represented by this media item,"das Objekt, das durch dieses Medienelement dargestellt wird",,,https://gitlab.com/nfdi4culture/wikibase4research/model/media_item,https://gitlab.com/nfdi4culture/wikibase4research/model/pysical_object,,,http://www.cidoc-crm.org/cidoc-crm/P138_represents,"Wikibase ID: P63,Wikibase datatype: wikibase-item",
http://www.w3.org/2002/07/owl#ObjectProperty,wgm:depicts,depicts,bildet ab,concept that is depicted on an item,"Konzept, das auf einem Objekt abgebildet ist",,,"https://gitlab.com/nfdi4culture/wikibase4research/model/pysical_object,https://gitlab.com/nfdi4culture/wikibase4research/model/conceptual_object",https://gitlab.com/nfdi4culture/wikibase4research/model/conceptual_object,,,"http://www.cidoc-crm.org/cidoc-crm/P62_depicts,http://www.wikidata.org/entity/P180","Wikibase ID: P64,Wikibase datatype: wikibase-item",
http://www.w3.org/2002/07/owl#ObjectProperty,wgm:method,method,hat Verfahren,technique or method that is used for creating or changing an object,"Technik oder Methode, die zur Erstellung oder Änderung eines Gegenstands verwendet wird",,,https://gitlab.com/nfdi4culture/wikibase4research/model/media_item,https://gitlab.com/nfdi4culture/wikibase4research/model/technique,,,http://www.cidoc-crm.org/cidoc-crm/P32_used_general_technique,"Wikibase ID: P65,Wikibase datatype: wikibase-item",
http://www.w3.org/2002/07/owl#ObjectProperty,wgm:software_used,software,hat Software,software used for creation of media item,die für die Erstellung des Medienelements verwendete Software,,,https://gitlab.com/nfdi4culture/wikibase4research/model/media_item,https://gitlab.com/nfdi4culture/wikibase4research/model/software,,,,"Wikibase ID: P66,Wikibase datatype: wikibase-item",
http://www.w3.org/2002/07/owl#DatatypeProperty,wgm:equipment,equipment,Ausrüstung,equipment used for creation of media item,für die Erstellung von Medienobjekten verwendete Ausrüstung,,,https://gitlab.com/nfdi4culture/wikibase4research/model/media_item,http://www.w3.org/2001/XMLSchema#string,,,,"Wikibase ID: P67,Wikibase datatype: string",
http://www.w3.org/2002/07/owl#DatatypeProperty,wgm:duration,duration,Dauer,"duration of an item, usually video or audio","Dauer eines Objekts, in der Regel Video oder Audio",,https://gitlab.com/nfdi4culture/wikibase4research/model/has_dimension,"https://gitlab.com/nfdi4culture/wikibase4research/model/physical_object,https://gitlab.com/nfdi4culture/wikibase4research/model/conceptual_object",http://www.w3.org/2001/XMLSchema#string,,,"https://schema.org/duration,http://www.wikidata.org/entity/P2047","Wikibase ID: P68,Wikibase datatype: quantity",
http://www.w3.org/2002/07/owl#DatatypeProperty,wgm:file_size,file size,Dateigröße,size of media item file,Größe einer Medienelement-Datei,,,https://gitlab.com/nfdi4culture/wikibase4research/model/media_item,,,,http://www.wikidata.org/entity/P3575,"Wikibase ID: P69,Wikibase datatype: quantity",
http://www.w3.org/2002/07/owl#DatatypeProperty,wgm:number_of_parts,number of parts,hat Anzahl Teile,for items that have parts: how many parts there are,"bei Objekten, die aus Teilen bestehen: wie viele Teile es gibt",,,https://gitlab.com/nfdi4culture/wikibase4research/model/human-made_object,http://www.w3.org/2001/XMLSchema#float,,,http://www.cidoc-crm.org/cidoc-crm/P57_has_number_of_parts,"Wikibase ID: P7,Wikibase datatype: quantity",
http://www.w3.org/2002/07/owl#ObjectProperty,wgm:has_file_format,file format,hat Datenformat,format of the file,Format der Datei,,,https://gitlab.com/nfdi4culture/wikibase4research/model/media_item,https://gitlab.com/nfdi4culture/wikibase4research/model/file_format,,,"https://schema.org/encodingFormat,http://www.wikidata.org/entity/P2701","Wikibase ID: P70,Wikibase datatype: wikibase-item",
http://www.w3.org/2002/07/owl#DatatypeProperty,wgm:file_extension,file extension,Dateierweiterung,file extension that denotes the file format use with class file format,"Dateierweiterung, die das Dateiformat angibt, das mit dem Klassen-Dateiformat verwendet wird",,,https://gitlab.com/nfdi4culture/wikibase4research/model/file_format,http://www.w3.org/2001/XMLSchema#string,,,http://www.wikidata.org/entity/P1195,"Wikibase ID: P71,Wikibase datatype: string",
http://www.w3.org/2002/07/owl#DatatypeProperty,wgm:conforms_to,conforms to,stimmt überein mit,which standard the file conforms to,"Norm, welcher die Datei entspricht",,,https://gitlab.com/nfdi4culture/wikibase4research/model/digital_object,http://www.w3.org/2001/XMLSchema#string,,,,"Wikibase ID: P72,Wikibase datatype: string",
http://www.w3.org/2002/07/owl#DatatypeProperty,wgm:file_storage,file storage,Dateispeicher,URL where file is stored,"URL, unter der die Datei gespeichert ist",,,https://gitlab.com/nfdi4culture/wikibase4research/model/media_item,http://www.w3.org/2001/XMLSchema#string,,,http://www.cidoc-crm.org/cidoc-crm/P43_has_dimension,"Wikibase ID: P73,Wikibase datatype: url",
http://www.w3.org/2002/07/owl#DatatypeProperty,wgm:file_view,file view,Dateiansicht,URL where file can be viewed,"URL, unter der die Datei eingesehen werden kann",,,https://gitlab.com/nfdi4culture/wikibase4research/model/media_item,http://www.w3.org/2001/XMLSchema#string,,,,"Wikibase ID: P74,Wikibase datatype: url",
http://www.w3.org/2002/07/owl#ObjectProperty,wgm:has_annotation,annotation,hat Annotation,annotation that was done for this media item,"Anmerkung, die für dieses Medienelement gemacht wurde",,,https://gitlab.com/nfdi4culture/wikibase4research/model/media_item,https://gitlab.com/nfdi4culture/wikibase4research/model/annotation,,,http://www.ics.forth.gr/isl/CRMdig/L43_annotates,"Wikibase ID: P75,Wikibase datatype: wikibase-item",
http://www.w3.org/2002/07/owl#DatatypeProperty,wgm:annotation_text,annotation text,Anmerkungstext,link to the URL that has the full text,"Link zur URL, die den vollständigen Text enthält",,,https://gitlab.com/nfdi4culture/wikibase4research/model/annotation,http://www.w3.org/2001/XMLSchema#string,,,,"Wikibase ID: P76,Wikibase datatype: url",
http://www.w3.org/2002/07/owl#ObjectProperty,wgm:annotates,annotates,ist Annotation von,identifies the entity that is the target of an annotation,"identifiziert die Entität, die das Ziel einer Anmerkung ist",,,https://gitlab.com/nfdi4culture/wikibase4research/model/annotation,https://gitlab.com/nfdi4culture/wikibase4research/model/media_item,,,http://www.ics.forth.gr/isl/CRMdig/L43_annotates,"Wikibase ID: P77,Wikibase datatype: wikibase-item",
http://www.w3.org/2002/07/owl#DatatypeProperty,wgm:camera_type,camera type,Kameratyp,Kompakkt-specific property relating to the perspective of the camera when annotating a 3D model,"Kompakkt-spezifische Eigenschaft, die sich auf die Perspektive der Kamera bei der Beschriftung eines 3D-Modells bezieht",,,https://gitlab.com/nfdi4culture/wikibase4research/model/annotation,http://www.w3.org/2001/XMLSchema#string,,,,"Wikibase ID: P78,Wikibase datatype: string",
http://www.w3.org/2002/07/owl#DatatypeProperty,wgm:ranking,ranking,Rang,rank determining the order of annotations in the Kompakkt walkthrough,"Rang, der die Reihenfolge der Anmerkungen im Kompakkt-Walkthrough bestimmt",,,https://gitlab.com/nfdi4culture/wikibase4research/model/annotation,http://www.w3.org/2001/XMLSchema#integer,,,,"Wikibase ID: P79,Wikibase datatype: quantity",
http://www.w3.org/2002/07/owl#ObjectProperty,wgm:has_event,event,hat Ereignis,something that happened to this item,"etwas, das mit diesem Objekt passiert ist",,,https://gitlab.com/nfdi4culture/wikibase4research/model/human-made_object,https://gitlab.com/nfdi4culture/wikibase4research/model/event,,,,"Wikibase ID: P8,Wikibase datatype: wikibase-item",
http://www.w3.org/2002/07/owl#ObjectProperty,wgm:has_motivation,motivation,hat Motivation,a property from the W3C annotation standard providing the reasons why an annotation was made,"eine Eigenschaft aus dem W3C-Anmerkungsstandard, die die Gründe für die Erstellung einer Anmerkung angibt",,,https://gitlab.com/nfdi4culture/wikibase4research/model/annotation,https://gitlab.com/nfdi4culture/wikibase4research/model/motivation,,,http://www.w3.org/ns/oa#motivatedBy,"Wikibase ID: P80,Wikibase datatype: wikibase-item",
http://www.w3.org/2002/07/owl#ObjectProperty,wgm:related_concept,related concept,verwandter Begriff,use this property to add item relations to annotations,"verwenden Sie diese Eigenschaft, um den Anmerkungen Elementbeziehungen hinzuzufügen",,,https://gitlab.com/nfdi4culture/wikibase4research/model/annotation,https://gitlab.com/nfdi4culture/wikibase4research/model/conceptual_object,,,,"Wikibase ID: P81,Wikibase datatype: wikibase-item",
http://www.w3.org/2002/07/owl#ObjectProperty,wgm:related_media,related media,zugehörige Medien,use this property to add media relations to annotations,"verwenden Sie diese Eigenschaft, um Medienbeziehungen zu Anmerkungen hinzuzufügen",,,https://gitlab.com/nfdi4culture/wikibase4research/model/annotation,https://gitlab.com/nfdi4culture/wikibase4research/model/media_item,,,,"Wikibase ID: P82,Wikibase datatype: wikibase-item",
http://www.w3.org/2002/07/owl#ObjectProperty,wgm:verified,verified,verifiziert,the status of an annotation before or after review by a user with higher editing privileges (usually true or false),Status einer Anmerkung vor oder nach der Überprüfung durch einen Benutzer mit höheren Bearbeitungsrechten (normalerweise true oder false),,,https://gitlab.com/nfdi4culture/wikibase4research/model/annotation,http://www.w3.org/2001/XMLSchema#boolean,,,,"Wikibase ID: P83,Wikibase datatype: wikibase-item",
http://www.w3.org/2002/07/owl#DatatypeProperty,wgm:position_in_3d_model_-_perspective_position_x-axis,position in 3D model - perspective position x-axis,Position im 3D Modell - Perspektive Position x-Achse,"Kompakkt-specific annotation position property - this property is not meant to be filled out manually, only automatically when a new annotation is saved","Kompakkt-spezifische Eigenschaft der Annotationssposition - diese Eigenschaft wird nicht manuell ausgefüllt, sondern nur automatisch, wenn eine neue Annotation gespeichert wird",,,https://gitlab.com/nfdi4culture/wikibase4research/model/annotation,http://www.w3.org/2001/XMLSchema#float,,,,"Wikibase ID: P84,Wikibase datatype: quantity",
http://www.w3.org/2002/07/owl#DatatypeProperty,wgm:position_in_3d_model_-_perspective_position_y-axis,position in 3D model - perspective position y-axis,Position im 3D Modell - Perspektive Position y-Achse,"Kompakkt-specific annotation position property - this property is not meant to be filled out manually, only automatically when a new annotation is saved","Kompakkt-spezifische Eigenschaft der Annotationssposition - diese Eigenschaft wird nicht manuell ausgefüllt, sondern nur automatisch, wenn eine neue Annotation gespeichert wird",,,https://gitlab.com/nfdi4culture/wikibase4research/model/annotation,http://www.w3.org/2001/XMLSchema#float,,,,"Wikibase ID: P85,Wikibase datatype: quantity",
http://www.w3.org/2002/07/owl#DatatypeProperty,wgm:position_in_3d_model_-_perspective_position_z-axis,position in 3D model - perspective position z-axis,Position im 3D Modell - Perspektive Position z-Achse,"Kompakkt-specific annotation position property - this property is not meant to be filled out manually, only automatically when a new annotation is saved","Kompakkt-spezifische Eigenschaft der Annotationssposition - diese Eigenschaft wird nicht manuell ausgefüllt, sondern nur automatisch, wenn eine neue Annotation gespeichert wird",,,https://gitlab.com/nfdi4culture/wikibase4research/model/annotation,http://www.w3.org/2001/XMLSchema#float,,,,"Wikibase ID: P86,Wikibase datatype: quantity",
http://www.w3.org/2002/07/owl#DatatypeProperty,wgm:position_in_3d_model_-_perspective_target_x-axis,position in 3D model - perspective target x-axis,Position im 3D Modell - Perspektive Ziel x-Achse,"Kompakkt-specific annotation position property - this property is not meant to be filled out manually, only automatically when a new annotation is saved","Kompakkt-spezifische Eigenschaft der Annotationssposition - diese Eigenschaft wird nicht manuell ausgefüllt, sondern nur automatisch, wenn eine neue Annotation gespeichert wird",,,https://gitlab.com/nfdi4culture/wikibase4research/model/annotation,http://www.w3.org/2001/XMLSchema#float,,,,"Wikibase ID: P87,Wikibase datatype: quantity",
http://www.w3.org/2002/07/owl#DatatypeProperty,wgm:position_in_3d_model_-_perspective_target_y-axis,position in 3D model - perspective target y-axis,Position im 3D Modell - Perspektive Ziel y-Achse,"Kompakkt-specific annotation position property - this property is not meant to be filled out manually, only automatically when a new annotation is saved","Kompakkt-spezifische Eigenschaft der Annotationssposition - diese Eigenschaft wird nicht manuell ausgefüllt, sondern nur automatisch, wenn eine neue Annotation gespeichert wird",,,https://gitlab.com/nfdi4culture/wikibase4research/model/annotation,http://www.w3.org/2001/XMLSchema#float,,,,"Wikibase ID: P88,Wikibase datatype: quantity",
http://www.w3.org/2002/07/owl#DatatypeProperty,wgm:position_in_3d_model_-_perspective_target_z-axis,position in 3D model - perspective target z-axis,Position im 3D Modell - Perspektive Ziel z-Achse,"Kompakkt-specific annotation position property - this property is not meant to be filled out manually, only automatically when a new annotation is saved","Kompakkt-spezifische Eigenschaft der Annotationssposition - diese Eigenschaft wird nicht manuell ausgefüllt, sondern nur automatisch, wenn eine neue Annotation gespeichert wird",,,https://gitlab.com/nfdi4culture/wikibase4research/model/annotation,http://www.w3.org/2001/XMLSchema#float,,,,"Wikibase ID: P89,Wikibase datatype: quantity",
http://www.w3.org/2002/07/owl#ObjectProperty,wgm:took_place_at,took place at,fand statt in,location of an event,Ort eines Ereignisses,,,https://gitlab.com/nfdi4culture/wikibase4research/model/event,https://gitlab.com/nfdi4culture/wikibase4research/model/place,,,,"Wikibase ID: P9,Wikibase datatype: wikibase-item",
http://www.w3.org/2002/07/owl#DatatypeProperty,wgm:position_in_3d_model_-_selector_ref_point_x-axis,position in 3D model - selector ref point x-axis,Position im 3D Modell - Selektor Referenz Punkt x-Achse,"Kompakkt-specific annotation position property - this property is not meant to be filled out manually, only automatically when a new annotation is saved","Kompakkt-spezifische Eigenschaft der Annotationssposition - diese Eigenschaft wird nicht manuell ausgefüllt, sondern nur automatisch, wenn eine neue Annotation gespeichert wird",,,https://gitlab.com/nfdi4culture/wikibase4research/model/annotation,http://www.w3.org/2001/XMLSchema#float,,,,"Wikibase ID: P90,Wikibase datatype: quantity",
http://www.w3.org/2002/07/owl#DatatypeProperty,wgm:position_in_3d_model_-_selector_ref_point_y-axis,position in 3D model - selector ref point y-axis,Position im 3D Modell - Selektor Referenz Punkt y-Achse,"Kompakkt-specific annotation position property - this property is not meant to be filled out manually, only automatically when a new annotation is saved","Kompakkt-spezifische Eigenschaft der Annotationssposition - diese Eigenschaft wird nicht manuell ausgefüllt, sondern nur automatisch, wenn eine neue Annotation gespeichert wird",,,https://gitlab.com/nfdi4culture/wikibase4research/model/annotation,http://www.w3.org/2001/XMLSchema#float,,,,"Wikibase ID: P91,Wikibase datatype: quantity",
http://www.w3.org/2002/07/owl#DatatypeProperty,wgm:position_in_3d_model_-_selector_ref_point_z-axis,position in 3D model - selector ref point z-axis,Position im 3D Modell - Selektor Referenz Punkt z-Achse,"Kompakkt-specific annotation position property - this property is not meant to be filled out manually, only automatically when a new annotation is saved","Kompakkt-spezifische Eigenschaft der Annotationssposition - diese Eigenschaft wird nicht manuell ausgefüllt, sondern nur automatisch, wenn eine neue Annotation gespeichert wird",,,https://gitlab.com/nfdi4culture/wikibase4research/model/annotation,http://www.w3.org/2001/XMLSchema#float,,,,"Wikibase ID: P92,Wikibase datatype: quantity",
http://www.w3.org/2002/07/owl#DatatypeProperty,wgm:position_in_3d_model_-_selector_ref_normal_x-axis,position in 3D model - selector ref normal x-axis,Position im 3D Modell - Selektor Referenz Normale x-Achse,"Kompakkt-specific annotation position property - this property is not meant to be filled out manually, only automatically when a new annotation is saved","Kompakkt-spezifische Eigenschaft der Annotationssposition - diese Eigenschaft wird nicht manuell ausgefüllt, sondern nur automatisch, wenn eine neue Annotation gespeichert wird",,,https://gitlab.com/nfdi4culture/wikibase4research/model/annotation,http://www.w3.org/2001/XMLSchema#float,,,,"Wikibase ID: P93,Wikibase datatype: quantity",
http://www.w3.org/2002/07/owl#DatatypeProperty,wgm:position_in_3d_model_-_selector_ref_normal_y-axis,position in 3D model - selector ref normal y-axis,Position im 3D Modell - Selektor Referenz Normale y-Achse,"Kompakkt-specific annotation position property - this property is not meant to be filled out manually, only automatically when a new annotation is saved","Kompakkt-spezifische Eigenschaft der Annotationssposition - diese Eigenschaft wird nicht manuell ausgefüllt, sondern nur automatisch, wenn eine neue Annotation gespeichert wird",,,https://gitlab.com/nfdi4culture/wikibase4research/model/annotation,http://www.w3.org/2001/XMLSchema#float,,,,"Wikibase ID: P94,Wikibase datatype: quantity",
http://www.w3.org/2002/07/owl#DatatypeProperty,wgm:position_in_3d_model_-_selector_ref_normal_z-axis,position in 3D model - selector ref normal z-axis,Position im 3D Modell - Selektor Referenz Normale z-Achse,"Kompakkt-specific annotation position property - this property is not meant to be filled out manually, only automatically when a new annotation is saved","Kompakkt-spezifische Eigenschaft der Annotationssposition - diese Eigenschaft wird nicht manuell ausgefüllt, sondern nur automatisch, wenn eine neue Annotation gespeichert wird",,,https://gitlab.com/nfdi4culture/wikibase4research/model/annotation,http://www.w3.org/2001/XMLSchema#float,,,,"Wikibase ID: P95,Wikibase datatype: quantity",
http://www.w3.org/2002/07/owl#DatatypeProperty,wgm:internal_id,internal ID,interne ID,Internal identifier for this item,interne Kennung für diesen Artikel,,,https://gitlab.com/nfdi4culture/wikibase4research/model/physical_object,http://www.w3.org/2001/XMLSchema#string,,,,"Wikibase ID: P96,Wikibase datatype: string",
http://www.w3.org/2002/07/owl#ObjectProperty,wgm:classified_as,classified as,klassifiziert als,"allows sub-typing of core ontology entities – a form of specialisation – through the use of a terminological hierarchy, or thesaurus",ermöglicht die Subtypisierung von Kernentitäten der Ontologie – eine Form der Spezialisierung – durch die Verwendung einer terminologischen Hierarchie oder eines Thesaurus,,,https://gitlab.com/nfdi4culture/wikibase4research/model/physical_object,https://gitlab.com/nfdi4culture/wikibase4research/model/type,,,https://cidoc-crm.org/html/cidoc_crm_v7.1.2.html#P2,"Wikibase ID: P97,Wikibase datatype: wikibase-item",
http://www.w3.org/2002/07/owl#DatatypeProperty,wgm:iconclass,Iconclass,Iconclass,Iconclass code that corresponds with an artistic theme or concept,"Iconclass-Code, der einem künstlerischen Motiv oder Konzept entspricht",,,https://gitlab.com/nfdi4culture/wikibase4research/model/iconographic_concept,http://www.w3.org/2001/XMLSchema#string,,,http://www.wikidata.org/entity/P1256,"Wikibase ID: P98,Wikibase datatype: external-id",
http://www.w3.org/2002/07/owl#DatatypeProperty,wgm:getty_aat,Getty AAT,Getty AAT,identifier in the Art & Architecture Thesaurus by the Getty Research Institute,Kennung im Art & Architecture Thesaurus des Getty Research Institute,,,https://gitlab.com/nfdi4culture/wikibase4research/model/human-made_object,http://www.w3.org/2001/XMLSchema#string,,,http://www.wikidata.org/entity/P1014,"Wikibase ID: P99,Wikibase datatype: external-id",
http://www.w3.org/2002/07/owl#Class,wgm:actor,Actor,Akteur:in,"comprises people, either individually or in groups, who have the potential to perform intentional actions of kinds for which someone may be held responsible","umfasst Menschen, entweder einzeln oder in Gruppen, die das Potenzial haben, vorsätzliche Handlungen zu begehen, für die jemand zur Verantwortung gezogen werden kann",,,,,,"http://www.cidoc-crm.org/cidoc-crm/E39_CRM_Actor,http://xmlns.com/foaf/0.1/#term_Agent",,Wikibase ID: Q1,
http://www.w3.org/2002/07/owl#Class,wgm:digital_collection,Digital Collection,Digitale Sammlung,aggregation of digital objects,Gruppierung digitaler Gegenstände,https://gitlab.com/nfdi4culture/wikibase4research/model/information_object,,,,,http://www.wikidata.org/entity/Q60474998,,Wikibase ID: Q10,
http://www.w3.org/2002/07/owl#Class,wgm:digital_object,Digital Object,Digitales Objekt,"comprises identifiable immaterial items that can be represented as sets of bit sequences, such as data sets, e-texts, images, audio or video items, software, etc., and are documented as single units","umfasst identifizierbare immaterielle Güter, die als Mengen von Bitfolgen dargestellt werden können, wie Datensätze, elektronische Texte, Bilder, Audio- oder Videoelemente, Software usw., und die als einzelne Einheiten dokumentiert werden",https://gitlab.com/nfdi4culture/wikibase4research/model/information_object,,,,,"http://www.wikidata.org/entity/Q59138870,http://www.ics.forth.gr/isl/CRMdig/D1_Digital_Object ",,Wikibase ID: Q11,
http://www.w3.org/2002/07/owl#Class,wgm:media_item,Media item,Medienelement,"digital representation of media, for example video or audio","digitale Darstellung von Medien, etwa Video oder Audio",https://gitlab.com/nfdi4culture/wikibase4research/model/digital_object,,,,,https://schema.org/MediaObject,,Wikibase ID: Q12,
http://www.w3.org/2002/07/owl#Class,wgm:software,Software,Software,software used for creation of media item,für die Erstellung von Medienelementen verwendete Software,https://gitlab.com/nfdi4culture/wikibase4research/model/digital_object,,,,,"https://schema.org/SoftwareApplication,http://www.wikidata.org/entity/Q7397,http://www.ics.forth.gr/isl/CRMdig/D14_Software",,Wikibase ID: Q13,
http://www.w3.org/2002/07/owl#Class,wgm:bibliographic_work,Bibliographic Work,Bibliografisches Werk,instances of this class can be cited to support a claim,"Instanzen dieser Klasse können zitiert werden, um eine Behauptung zu belegen",https://gitlab.com/nfdi4culture/wikibase4research/model/conceptual_object,,,,,"http://www.wikidata.org/entity/Q59156095,http://iflastandards.info/ns/fr/frbr/frbroo/F19_Publication_Work",,Wikibase ID: Q14,
http://www.w3.org/2002/07/owl#Class,wgm:annotation,Annotation,Annotation,text that is attached to a media item or another text to provide more information,"Text, der an ein Medienelement oder einen anderen Text angehängt ist, um weitere Informationen zu liefern",https://gitlab.com/nfdi4culture/wikibase4research/model/conceptual_object,,,,,"http://www.wikidata.org/entity/Q857525,http://www.w3.org/ns/oa#Annotation,http://www.ics.forth.gr/isl/CRMdig/D29_Annotation_Object",,Wikibase ID: Q15,
http://www.w3.org/2002/07/owl#Class,wgm:motivation,Motivation,Motivation,to be used for annotations,für Anmerkungen zu verwenden,https://gitlab.com/nfdi4culture/wikibase4research/model/conceptual_object,,,,,"http://www.wikidata.org/entity/Q644302,http://www.w3.org/ns/oa#Motivation ",,Wikibase ID: Q16,
http://www.w3.org/2002/07/owl#Class,wgm:type,Type,Typus,comprises concepts denoted by terms from thesauri and controlled vocabularies used to characterize and classify instances of core ontology classes,"umfasst Konzepte, die durch Begriffe aus Thesauri und kontrollierten Vokabularien bezeichnet werden, die zur Charakterisierung und Klassifizierung von Instanzen der Kernklassen der Ontologie verwendet werden",https://gitlab.com/nfdi4culture/wikibase4research/model/conceptual_object,,,,,http://www.cidoc-crm.org/cidoc-crm/E55_Type,,Wikibase ID: Q17,
http://www.w3.org/2002/07/owl#Class,wgm:material,Material,Material,material that an object is made from,"Material, aus dem ein Gegenstand hergestellt ist",https://gitlab.com/nfdi4culture/wikibase4research/model/type,,,,,"http://www.cidoc-crm.org/cidoc-crm/E57_Material,https://schema.org/material,http://www.wikidata.org/entity/Q214609",,Wikibase ID: Q18,
http://www.w3.org/2002/07/owl#Class,wgm:measurement_unit,Measurement Unit,Maßeinheit,"unit for giving a measurement, for example metres or litres","Einheit zur Angabe eines Maßes, z. B. Meter oder Liter",https://gitlab.com/nfdi4culture/wikibase4research/model/type,,,,,"http://www.cidoc-crm.org/cidoc-crm/E58_Measurement_Unit,http://www.wikidata.org/entity/Q47574",,Wikibase ID: Q19,
http://www.w3.org/2002/07/owl#Class,wgm:group,Group,Menschliche Gruppe,any gatherings or organizations of human individuals or groups that act collectively or in a similar way due to any form of unifying relationship,"alle Ansammlungen oder Organisationen menschlicher Individuen oder Gruppen, die aufgrund irgendeiner Form von verbindenden Beziehungen kollektiv oder in ähnlicher Weise handeln",https://gitlab.com/nfdi4culture/wikibase4research/model/actor,,,,,"http://www.cidoc-crm.org/cidoc-crm/E74_Group,http://www.wikidata.org/entity/Q16887380,http://xmlns.com/foaf/0.1/#term_Group",,Wikibase ID: Q2,
http://www.w3.org/2002/07/owl#Class,wgm:condition,Condition,Zustand,condition of an object,Zustand eines Gegenstands,,,,,,"http://www.cidoc-crm.org/cidoc-crm/E3_Condition_State,http://www.wikidata.org/entity/Q813912",,Wikibase ID: Q20,
http://www.w3.org/2002/07/owl#Class,wgm:place,Place,Ort,any kind of location,jede Art von Standort,,,,,,"http://www.cidoc-crm.org/cidoc-crm/E53_Place,https://schema.org/Place,http://www.wikidata.org/entity/Q2221906,https://nfdi4culture.de/ontology#Place",,Wikibase ID: Q21,
http://www.w3.org/2002/07/owl#Class,wgm:event,Event,Ereignis,superclass for events,Oberklasse für Ereignisse,,,,,,http://www.cidoc-crm.org/cidoc-crm/E5_Event,,Wikibase ID: Q22,
http://www.w3.org/2002/07/owl#Class,wgm:change_of_custody,Change of custody,Besitzwechsel,event where the custodian of an item changes,"Ereignis, bei dem der Verwahrer einer Sache wechselt",https://gitlab.com/nfdi4culture/wikibase4research/model/event,,,,,http://www.cidoc-crm.org/cidoc-crm/E10_Transfer_of_Custody,,Wikibase ID: Q23,
http://www.w3.org/2002/07/owl#Class,wgm:change_of_ownership,Change of ownership,Eigentumswechsel,event where the owner of an item changes,"Ereignis, bei dem der Eigentümer einer Sache wechselt",https://gitlab.com/nfdi4culture/wikibase4research/model/event,,,,,http://www.cidoc-crm.org/cidoc-crm/E8_Acquisition,,Wikibase ID: Q24,
http://www.w3.org/2002/07/owl#Class,wgm:creation,Creation,Herstellung,event that results in an item being created,"Ereignis, das zur Erstellung eines Objekts führt",https://gitlab.com/nfdi4culture/wikibase4research/model/event,,,,,http://www.cidoc-crm.org/cidoc-crm/E12_Production,,Wikibase ID: Q25,
http://www.w3.org/2002/07/owl#Class,wgm:destruction,Destruction,Zerstörung,event that results in an item no longer existing,"Ereignis, das dazu führt, dass ein Objekt nicht mehr existiert",https://gitlab.com/nfdi4culture/wikibase4research/model/event,,,,,http://www.cidoc-crm.org/cidoc-crm/E6_Destruction,,Wikibase ID: Q26,
http://www.w3.org/2002/07/owl#Class,wgm:digitization,Digitization,Digitalisierung,event that results in a new digital object representation of an item,"Ereignis, das zu einer neuen digitalen Objektdarstellung eines Gegenstands führt",https://gitlab.com/nfdi4culture/wikibase4research/model/creation,,,,,http://www.ics.forth.gr/isl/CRMdig/D2_Digitization_Process,,Wikibase ID: Q27,
http://www.w3.org/2002/07/owl#Class,wgm:modification,Modification,Bearbeitung,event where an item changes but is still considered the same item (more specific events can be part addition and part removal),"Ereignis, bei dem sich ein Objekt ändert, aber immer noch als dasselbe Objekt betrachtet wird (spezifischere Ereignisse können Teil Hinzufügen und Teil Entfernen sein)",https://gitlab.com/nfdi4culture/wikibase4research/model/event,,,,,http://www.cidoc-crm.org/cidoc-crm/E11_Modification,,Wikibase ID: Q28,
http://www.w3.org/2002/07/owl#Class,wgm:move,Move,Ortswechsel,event where an item is moved from one place to another,"Ereignis, bei dem ein Objekt von einem Ort zu einem anderen bewegt wird",https://gitlab.com/nfdi4culture/wikibase4research/model/event,,,,,http://www.cidoc-crm.org/cidoc-crm/E9_Move,,Wikibase ID: Q29,
http://www.w3.org/2002/07/owl#Class,wgm:physical_object,Physical Object,Materieller Gegenstand,comprises items of a material nature that are units for documentation and have physical boundaries that separate them completely in an objective way from other objects,"umfasst Gegenstände materieller Art, die Dokumentationseinheiten sind und physische Grenzen haben, die sie auf objektive Weise vollständig von anderen Gegenständen trennen",,,,,,http://cidoc-crm.org/cidoc-crm/E19_Physical_Object,,Wikibase ID: Q3,
http://www.w3.org/2002/07/owl#Class,wgm:part_addition,Part Addition,Teilhinzufügung,event where a part gets added to an item,"Ereignis, bei dem ein Teil zu einem Objekt hinzugefügt wird",https://gitlab.com/nfdi4culture/wikibase4research/model/event,,,,,http://www.cidoc-crm.org/cidoc-crm/E79_Part_Addition,,Wikibase ID: Q30,
http://www.w3.org/2002/07/owl#Class,wgm:part_removal,Part Removal,Teilentfernung,event where a part is removed from an item,"Ereignis, bei dem ein Teil von einem Objekt entfernt wird",https://gitlab.com/nfdi4culture/wikibase4research/model/event,,,,,http://www.cidoc-crm.org/cidoc-crm/E80_Part_Removal,,Wikibase ID: Q31,
http://www.w3.org/2002/07/owl#Class,wgm:raw_data_creation,Raw data creation,Rohdatenerzeugung,event that results in the raw data for an item being created,"Ereignis, das zur Erstellung der Rohdaten eines Objekts führt",https://gitlab.com/nfdi4culture/wikibase4research/model/creation,,,,,,,Wikibase ID: Q32,
http://www.w3.org/2002/07/owl#Class,wgm:transformation,Transformation,Umwandlung,event where one item is changed so significantly it can no longer be considered the same item - the result is a new item,"Ereignis, bei dem ein Objekt so stark verändert wird, dass es nicht mehr als dasselbe Objekt angesehen werden kann - das Ergebnis ist ein neues Objekt",https://gitlab.com/nfdi4culture/wikibase4research/model/event,,,,,http://www.cidoc-crm.org/cidoc-crm/E81_Transformation,,Wikibase ID: Q33,
http://www.w3.org/2002/07/owl#Class,wgm:primitive_value,Primitive Value,Primitiver Wert,"comprises values of primitive data types of programming languages or database management systems and data types composed of such values used as documentation elements, as well as their mathematical abstractions","umfasst Werte von primitiven Datentypen von Programmiersprachen oder Datenbankverwaltungssystemen und aus solchen Werten zusammengesetzte Datentypen, die als Dokumentationselemente verwendet werden, sowie deren mathematische Abstraktionen",,,,,,http://cidoc-crm.org/cidoc-crm/7.1.2/E59_Primitive_Value,,Wikibase ID: Q34,
http://www.w3.org/2002/07/owl#Class,wgm:organization,Organization,Organisation,organized group of humans such as a university or research society,"eine organisierte Gruppe von Menschen, z. B. eine Universität oder eine Forschungsgesellschaft",https://gitlab.com/nfdi4culture/wikibase4research/model/actor,,,,,"https://schema.org/Organization,http://www.wikidata.org/entity/Q43229,http://xmlns.com/foaf/0.1/#term_Organization,https://nfdi4culture.de/ontology#Organization",,Wikibase ID: Q35,
http://www.w3.org/2002/07/owl#Class,wgm:sex_or_gender,Sex or gender,Geschlecht oder Geschlechtsidentität,to be used for humans,für Menschen zu verwenden,,,,,,"http://purl.obolibrary.org/obo/NCIT_C28421,http://www.wikidata.org/entity/Q18382802",,Wikibase ID: Q36,
http://www.w3.org/2002/07/owl#Class,wgm:licence,Licence,Lizenz,type of usage right,Art der Nutzungsrechte,https://gitlab.com/nfdi4culture/wikibase4research/model/information_object,,,,,http://www.ebi.ac.uk/swo/SWO_0000002,,Wikibase ID: Q37,
http://www.w3.org/2002/07/owl#Class,wgm:technique,Technique,Verfahren,technique or method that is used for creating or changing an object ,"Technik oder Methode, die zur Erstellung oder Änderung eines Gegenstands verwendet wird",https://gitlab.com/nfdi4culture/wikibase4research/model/type,,,,,http://www.wikidata.org/entity/Q2695280,,Wikibase ID: Q38,
http://www.w3.org/2002/07/owl#Class,wgm:file_format,File Format,Datenformat,encoding format of a digital file,Kodierungsformat einer digitalen Datei,https://gitlab.com/nfdi4culture/wikibase4research/model/digital_object,,,,,http://purl.org/dc/terms/FileFormat,,Wikibase ID: Q39,
http://www.w3.org/2002/07/owl#Class,wgm:biological_object,Biological Object,Biologischer Gegenstand,"comprises individual items of a material nature, which live, have lived or are natural products of or from living organisms","umfasst einzelne Gegenstände materieller Natur, die leben, gelebt haben oder natürliche Produkte von oder aus lebenden Organismen sind",https://gitlab.com/nfdi4culture/wikibase4research/model/physical_object,,,,,http://cidoc-crm.org/cidoc-crm/E20_Biological_Object,,Wikibase ID: Q4,
http://www.w3.org/2002/07/owl#Class,wgm:function,Function,Funktion,describes the use of an item,beschreibt die Verwendung eines Objekts,https://gitlab.com/nfdi4culture/wikibase4research/model/type,,,,,,,Wikibase ID: Q40,
http://www.w3.org/2002/07/owl#Class,wgm:position,Position,Position,position of an item within a location (for example wall or ceiling),Position eines Objekts innerhalb eines Standorts (etwa an der Wand oder Decke),https://gitlab.com/nfdi4culture/wikibase4research/model/type,,,,,,,Wikibase ID: Q41,
http://www.w3.org/2002/07/owl#Class,wgm:style,Style,Stil,style of a cultural heritage object,Stil eines Kulturguts,https://gitlab.com/nfdi4culture/wikibase4research/model/type,,,,,,,Wikibase ID: Q42,
http://www.w3.org/2002/07/owl#Class,wgm:iconographic_concept,Iconographic Concept,Ikonografisches Konzept,something that can be depicted on an object,"etwas, das auf einem Gegenstand abgebildet werden kann",https://gitlab.com/nfdi4culture/wikibase4research/model/type,,,,,,,Wikibase ID: Q43,
http://www.w3.org/2002/07/owl#NamedIndividual,wgm:true,TRUE,TRUE,"value for specific properties, like P83 (verified)","Wert für bestimmte Eigenschaften, wie P83 (verifiziert)",,,,,https://schema.org/True,,,Wikibase ID: Q44,https://gitlab.com/nfdi4culture/wikibase4research/model/conceptual_object
http://www.w3.org/2002/07/owl#NamedIndividual,wgm:cc0,CC0,CC0,legal document dedicating a copyrighted work to the public domain,"Rechtsdokument, mit dem ein urheberrechtlich geschütztes Werk der Öffentlichkeit zugänglich gemacht wird",,,,,http://www.wikidata.org/entity/Q6938433,,,Wikibase ID: Q46,https://gitlab.com/nfdi4culture/wikibase4research/model/licence
http://www.w3.org/2002/07/owl#NamedIndividual,wgm:creative_commons_attribution,Creative Commons Attribution,Creative Commons Namensnennung,"license allowing free use of a copyrighted work, with attribution","Lizenz, die die freie Nutzung Copyright geschützten Materials unter Nennung des Namens erlaubt",,,,,http://www.wikidata.org/entity/Q6905323,,,Wikibase ID: Q47,https://gitlab.com/nfdi4culture/wikibase4research/model/licence
http://www.w3.org/2002/07/owl#NamedIndividual,wgm:creative_commons_attribution-sharealike,Creative Commons Attribution-ShareAlike,Creative Commons Namensnennung-WeitergabeUnterGleichenBedingungen,"set of licenses allowing free use of a work, with attribution, under the same conditions","Lizenzsatz, der die Nutzung unter derselben Lizenz erlaubt und die Nennung des Namens erfordert",,,,,http://www.wikidata.org/entity/Q6905942,,,Wikibase ID: Q48,https://gitlab.com/nfdi4culture/wikibase4research/model/licence
http://www.w3.org/2002/07/owl#NamedIndividual,wgm:creative_commons_attribution-noncommercial,Creative Commons Attribution-NonCommercial,Creative Commons Namensnennung-NichtKommerziell,"set of licenses allowing free noncommercial use, and requiring attribution","Lizenzsatz, der die nicht kommerzielle Verbreitung erlaubt und die Nennung des Namens erfordert",,,,,http://www.wikidata.org/entity/Q6936496,,,Wikibase ID: Q49,https://gitlab.com/nfdi4culture/wikibase4research/model/licence
http://www.w3.org/2002/07/owl#Class,wgm:human,Human,Mensch,(real) dead or living human being,(realer) toter oder lebender Mensch,"https://gitlab.com/nfdi4culture/wikibase4research/model/biological_object,https://gitlab.com/nfdi4culture/wikibase4research/model/actor",,,,,"http://www.cidoc-crm.org/cidoc-crm/E21_Person,https://schema.org/Person,http://www.wikidata.org/entity/Q5,http://xmlns.com/foaf/0.1/#term_Person",,Wikibase ID: Q5,
http://www.w3.org/2002/07/owl#NamedIndividual,wgm:creative_commons_attribution-noncommercial-noderivatives,Creative Commons Attribution-NonCommercial-NoDerivatives,Creative Commons Namensnennung-NichtKommerziell-KeineBearbeitung,"set of licenses allowing noncommercial distribution without modification, and requiring attribution","Lizenzsatz, der die nicht kommerzielle Verbreitung ohne Änderungen erlaubt und die Nennung des Namens erfordert",,,,,http://www.wikidata.org/entity/Q6937225,,,Wikibase ID: Q50,https://gitlab.com/nfdi4culture/wikibase4research/model/licence
http://www.w3.org/2002/07/owl#NamedIndividual,wgm:creative_commons_attribution-noderivatives,Creative Commons Attribution-NoDerivatives,Creative Commons Namensnennung-KeineBearbeitung,"set of licenses allowing distribution without modification, and requiring attribution","Lizenzsatz, der die Verbreitung ohne Änderungen erlaubt und die Nennung des Namens erfordert",,,,,http://www.wikidata.org/entity/Q6999319,,,Wikibase ID: Q51,https://gitlab.com/nfdi4culture/wikibase4research/model/licence
http://www.w3.org/2002/07/owl#NamedIndividual,wgm:creative_commons_attribution-noncommercial-sharealike,Creative Commons Attribution-NonCommercial-ShareAlike,Creative Commons Namensnennung-NichtKommerziell-WeitergabeUnterGleichenBedingungen,"license allowing noncommercial use and distribution, with attribution, under the same license","Lizenz, die die nicht kommerzielle Nutzung und Verbreitung unter derselben Lizenz und der Nennung des Namens erlaubt",,,,,http://www.wikidata.org/entity/Q6998997,,,Wikibase ID: Q52,https://gitlab.com/nfdi4culture/wikibase4research/model/licence
http://www.w3.org/2002/07/owl#NamedIndividual,wgm:some_rights_reserved,Some rights reserved,einige Rechte vorbehalten,license that allows limited use,"Lizenz, die eine eingeschränkte Nutzung erlaubt",,,,,http://www.wikidata.org/entity/Q47530729,,,Wikibase ID: Q53,https://gitlab.com/nfdi4culture/wikibase4research/model/licence
http://www.w3.org/2002/07/owl#NamedIndividual,wgm:all_rights_reserved,All Rights Reserved,Alle Rechte vorbehalten,rights statement pertaining to works which are in copyright,"Rechtserklärung zu Werken, die dem Urheberrecht unterliegen",,,,,http://www.wikidata.org/entity/Q1752207,,,Wikibase ID: Q54,https://gitlab.com/nfdi4culture/wikibase4research/model/licence
http://www.w3.org/2002/07/owl#NamedIndividual,wgm:female,female,weiblich,indicates that the human subject is a female,"gibt an, dass es sich bei der Person um eine Frau handelt",,,,,https://www.wikidata.org/wiki/Q6581072,,,Wikibase ID: Q55,https://gitlab.com/nfdi4culture/wikibase4research/model/sex_or_gender
http://www.w3.org/2002/07/owl#NamedIndividual,wgm:male,male,männlich,indicates that the human subject is a male,"gibt an, dass es sich bei der Person um einen Mann handelt",,,,,https://www.wikidata.org/wiki/Q6581097,,,Wikibase ID: Q56,https://gitlab.com/nfdi4culture/wikibase4research/model/sex_or_gender
http://www.w3.org/2002/07/owl#NamedIndividual,wgm:non-binary,non-binary,nicht-binär,gender identities other than male or female,andere Geschlechtsidentitäten als männlich oder weiblich,,,,,https://www.wikidata.org/wiki/Q48270,,,Wikibase ID: Q57,https://gitlab.com/nfdi4culture/wikibase4research/model/sex_or_gender
http://www.w3.org/2002/07/owl#NamedIndividual,wgm:assessing,assessing,beurteilen,"used with P80 (motivation) for when the user intends to assess the target entity in some way, rather than simply make a comment about it","wird zusammen mit P80 (Motivation) verwendet, wenn die/der Benutzende beabsichtigt, die Zielentität zu bewerten, anstatt nur eine Bemerkung über sie zu machen",,,,,http://www.w3.org/ns/oa#assessing,,,Wikibase ID: Q58,https://gitlab.com/nfdi4culture/wikibase4research/model/motivation
http://www.w3.org/2002/07/owl#NamedIndividual,wgm:bookmarking,bookmarking,Lesezeichen setzen,used with P80 (motivation) for when the user intends to create a bookmark to the target entity or part thereof,"wird zusammen mit P80 (Motivation) verwendet, wenn die/der Benutzende beabsichtigt, ein Lesezeichen für die Zielentität oder einen Teil davon zu setzen",,,,,http://www.w3.org/ns/oa#bookmarking,,,Wikibase ID: Q59,https://gitlab.com/nfdi4culture/wikibase4research/model/motivation
http://www.w3.org/2002/07/owl#Class,wgm:human-made_object,Human-Made Object,Menschengemachter Gegenstand,all persistent physical objects of any size that are purposely created by human activity,"alle dauerhaften physischen Gegenstände jeglicher Größe, die absichtlich durch menschliche Aktivitäten geschaffen werden",https://gitlab.com/nfdi4culture/wikibase4research/model/physical_object,,,,,"http://www.cidoc-crm.org/cidoc-crm/E22_Human-Made_Object,http://www.wikidata.org/entity/Q223557",,Wikibase ID: Q6,
http://www.w3.org/2002/07/owl#NamedIndividual,wgm:classifying,classifying,klassifizieren,used with P80 (motivation) for when the user intends to classify the target entity as something,"wird zusammen mit P80 (Motivation) verwendet, wenn die/der Benutzende beabsichtigt, die Zielentität als etwas zu klassifizieren",,,,,http://www.w3.org/ns/oa#classifying,,,Wikibase ID: Q60,https://gitlab.com/nfdi4culture/wikibase4research/model/motivation
http://www.w3.org/2002/07/owl#NamedIndividual,wgm:commenting,commenting,kommentieren,used with P80 (motivation) for when the user intends to comment about the target entity,"wird zusammen mit P80 (Motivation) verwendet, wenn die/der Benutzende beabsichtigt, einen Kommentar über die Zielentität abzugeben",,,,,http://www.w3.org/ns/oa#commenting,,,Wikibase ID: Q61,https://gitlab.com/nfdi4culture/wikibase4research/model/motivation
http://www.w3.org/2002/07/owl#NamedIndividual,wgm:describing,describing,beschreiben,used with P80 (motivation) for when the user intends to describe the target entity,"wird zusammen mit P80 (Motivation) verwendet, wenn die/der Benutzende beabsichtigt, die Zielentität zu beschreiben",,,,,http://www.w3.org/ns/oa#describing,,,Wikibase ID: Q62,https://gitlab.com/nfdi4culture/wikibase4research/model/motivation
http://www.w3.org/2002/07/owl#NamedIndividual,wgm:editing,editing,bearbeiten,used with P80 (motivation) for when the user intends to request a change or edit to the target entity,"wird zusammen mit P80 (Motivation) verwendet, wenn die/der Benutzende beabsichtigt, eine Änderung oder Bearbeitung der Zielentität zu beantragen",,,,,http://www.w3.org/ns/oa#editing,,,Wikibase ID: Q63,https://gitlab.com/nfdi4culture/wikibase4research/model/motivation
http://www.w3.org/2002/07/owl#NamedIndividual,wgm:highlighting,highlighting,hervorheben,used with P80 (motivation) for when the user intends to highlight the target entity or segment of it,"wird zusammen mit P80 (Motivation) verwendet, wenn die/der Benutzende beabsichtigt, die Zielentität oder ein Segment davon zu markieren",,,,,http://www.w3.org/ns/oa#highlighting,,,Wikibase ID: Q64,https://gitlab.com/nfdi4culture/wikibase4research/model/motivation
http://www.w3.org/2002/07/owl#NamedIndividual,wgm:identifying,identifying,identifizieren,used with P80 (motivation) for when the user intends to assign an identity to the target entity,"wird zusammen mit P80 (Motivation) verwendet, wenn die/der Benutzende beabsichtigt, der Zielentität eine Identität zuzuweisen",,,,,http://www.w3.org/ns/oa#identifying,,,Wikibase ID: Q65,https://gitlab.com/nfdi4culture/wikibase4research/model/motivation
http://www.w3.org/2002/07/owl#NamedIndividual,wgm:linking,linking,verlinken,used with P80 (motivation) for when the user intends to link to a resource related to the target entity,"wird zusammen mit P80 (Motivation) verwendet, wenn die/der Benutzende beabsichtigt, einen Link zu einer Ressource zu erstellen, die mit der Zielentität in Verbindung steht",,,,,http://www.w3.org/ns/oa#linking,,,Wikibase ID: Q66,https://gitlab.com/nfdi4culture/wikibase4research/model/motivation
http://www.w3.org/2002/07/owl#NamedIndividual,wgm:moderating,moderating,moderieren,used with P80 (motivation) for when the user intends to assign some value or quality to the target entity,"wird zusammen mit P80 (Motivation) verwendet, wenn die/der Benutzende beabsichtigt, der Zielentität einen Wert oder eine Qualität zuzuweisen",,,,,http://www.w3.org/ns/oa#moderating,,,Wikibase ID: Q67,https://gitlab.com/nfdi4culture/wikibase4research/model/motivation
http://www.w3.org/2002/07/owl#NamedIndividual,wgm:questioning,questioning,hinterfragen,used with P80 (motivation) for when the user intends to ask a question about the target entity,"wird zusammen mit P80 (Motivation) verwendet, wenn die/der Benutzende beabsichtigt, eine Frage über die Zielentität zu stellen",,,,,http://www.w3.org/ns/oa#questioning,,,Wikibase ID: Q68,https://gitlab.com/nfdi4culture/wikibase4research/model/motivation
http://www.w3.org/2002/07/owl#NamedIndividual,wgm:replying,replying,beantworten,"used with P80 (motivation) for when the user intends to reply to a previous statement, either an annotation or another resource","wird zusammen mit P80 (Motivation) verwendet, wenn die/der Benutzende beabsichtigt, auf eine frühere Aussage zu antworten, entweder auf eine Anmerkung oder eine andere Ressource",,,,,http://www.w3.org/ns/oa#replying,,,Wikibase ID: Q69,https://gitlab.com/nfdi4culture/wikibase4research/model/motivation
http://www.w3.org/2002/07/owl#Class,wgm:collection,Collection,Sammlung,"aggregation of physical things that are being curated by an actor - not for digital objects, use Digital collection instead","Zusammenstellung von physischen Dingen, die von einem Akteur kuratiert werden – nicht für digitale Objekte, stattdessen »digitale Sammlung« verwenden",,,,,,http://www.cidoc-crm.org/cidoc-crm/E78_Collection,,Wikibase ID: Q7,
http://www.w3.org/2002/07/owl#NamedIndividual,wgm:tagging,tagging,markieren,used with P80 (motivation) for when the user intends to associate a tag with the target entity,"wird zusammen mit P80 (Motivation) verwendet, wenn die/der Benutzende beabsichtigt, die Zielentität",,,,,http://www.w3.org/ns/oa#tagging,,,Wikibase ID: Q70,https://gitlab.com/nfdi4culture/wikibase4research/model/motivation
http://www.w3.org/2002/07/owl#Class,wgm:birth,Birth,Geburt,a biological event focussing on the context of people coming into life,"ein biologisches Ereignis, das sich auf den Kontext konzentriert, in dem Menschen auf die Welt kommen",https://gitlab.com/nfdi4culture/wikibase4research/model/event,,,,,http://cidoc-crm.org/cidoc-crm/7.1.2/E67_Birth,,Wikibase ID: Q71,
http://www.w3.org/2002/07/owl#Class,wgm:death,Death,Tod,comprises the deaths of human beings,umfasst den Tod von Menschen,https://gitlab.com/nfdi4culture/wikibase4research/model/event,,,,,http://cidoc-crm.org/cidoc-crm/7.1.2/E69_Death,,Wikibase ID: Q72,
http://www.w3.org/2002/07/owl#Class,wgm:country,Country,Land,existing or previously existing country,bestehendes oder ehemals bestehendes Land,https://gitlab.com/nfdi4culture/wikibase4research/model/place,,,,,https://nfdi4culture.de/ontology#Country,,Wikibase ID: Q73,
http://www.w3.org/2002/07/owl#Class,wgm:conceptual_object,Conceptual Object,Begrifflicher Gegenstand,comprises non-material products of our minds and other human produced data,umfasst nicht materielle Produkte unseres Geistes und andere von Menschen produzierte Daten,,,,,,http://www.cidoc-crm.org/cidoc-crm/E28_Conceptual_Object,,Wikibase ID: Q8,
http://www.w3.org/2002/07/owl#Class,wgm:information_object,Information Object,Informationsgegenstand,"comprises identifiable immaterial items, such as data sets, images, texts, multimedia objects, computer code, algorithm or mathematical formulae, that have an objectively recognizable structure and are documented as single units","umfasst identifizierbare immaterielle Güter wie Datensätze, Bilder, Texte, Multimedia-Objekte, Computercode, Algorithmen oder mathematische Formeln, die eine objektiv erkennbare Struktur aufweisen und als einzelne Einheiten dokumentiert sind",https://gitlab.com/nfdi4culture/wikibase4research/model/conceptual_object,,,,,http://cidoc-crm.org/cidoc-crm/E73_Information_Object,,Wikibase ID: Q9,
http://www.w3.org/2002/07/owl#NamedIndividual,wgm:false,FALSE,FALSE,"value for specific properties, like P83 (verified)","Wert für bestimmte Eigenschaften, wie P83 (verifiziert)",,,,,,https://schema.org/False,,Wikibase ID: Q45,https://gitlab.com/nfdi4culture/wikibase4research/model/conceptual_object
http://www.w3.org/2002/07/owl#Class,wgm:city,city,Stadt,type of location,Ortstyp,https://gitlab.com/nfdi4culture/wikibase4research/model/place,,,,,,,Wikibase ID: Q74,
http://www.w3.org/2002/07/owl#ObjectProperty,wgm:has_parent,has parent,hat Elternteil,familial relationship,familiäre Beziehung,,,,,,,,"Wikibase ID: P118,Wikibase datatype: wikibase-item",
http://www.w3.org/2002/07/owl#ObjectProperty,wgm:author,author,Autor:in,creator of a text,Urheber eines Texts,,,,,,,,"Wikibase ID: P124,Wikibase datatype: wikibase-item",
http://www.w3.org/2002/07/owl#ObjectProperty,wgm:publisher,publisher,Verlag,entity that publishes works,Herausgeber von Werken,,,,,,,,"Wikibase ID: P125,Wikibase datatype: wikibase-item",
http://www.w3.org/2002/07/owl#DatatypeProperty,wgm:issn,issn,issn,identifier for journals,Identifikator für Zeitschriften,,,,,,,,"Wikibase ID: P126,Wikibase datatype: external-id",
http://www.w3.org/2002/07/owl#ObjectProperty,wgm:style_used,style used,Stil,style that was used in the creation or modification of an item,Stil eines Kulturguts,,,,,,,,"Wikibase ID: P107,Wikibase datatype: wikibase-item",
http://www.w3.org/2002/07/owl#DatatypeProperty,wgm:formatter_url,formatter url,URL-Formatierer,"web page URL; URI template from which ""$1"" can be automatically replaced with the effective property value on items. If the site goes offline, set it to deprecated rank. If the formatter URL changes, add a new statement with preferred rank.","URL-ähnliche Zeichenkette, wie ""https://wikidata.org/wiki/$1/"", bei der ""$1"" automatisch ersetzt wird mit dem tatsächlichen Eigenschaftswert eines Datenobjekts (genutzt bei der Definition von Eigenschaften)",,,,,,,,"Wikibase ID: P52,Wikibase datatype: string",
http://www.w3.org/2002/07/owl#ObjectProperty,wgm:language_of_work_or_name,language of work or name,Sprache des Werks oder des Namens,language associated with this creative work or a name,Sprache dieses Werkes oder Namens,,,,,,,,"Wikibase ID: P110,Wikibase datatype: wikibase-item",
http://www.w3.org/2002/07/owl#DatatypeProperty,wgm:surface_area,surface area,Fläche,measurement,Maß,,,,,,,,"Wikibase ID: P113,Wikibase datatype: quantity",
http://www.w3.org/2002/07/owl#NamedIndividual,wgm:square_centimetre,square centimetre,Quadratzentimeter,measurement unit,Maßeinheit,,,,,,,,Wikibase ID: Q75,https://gitlab.com/nfdi4culture/wikibase4research/model/measurement_unit
http://www.w3.org/2002/07/owl#NamedIndividual,wgm:centimetre,centimetre,Zentimeter,measurement unit,Maßeinheit,,,,,,,,Wikibase ID: Q76,https://gitlab.com/nfdi4culture/wikibase4research/model/measurement_unit
http://www.w3.org/2002/07/owl#NamedIndividual,wgm:gigabyte,gigabyte,Gigabyte,measurement unit,Maßeinheit,,,,,,,,Wikibase ID: Q77,https://gitlab.com/nfdi4culture/wikibase4research/model/measurement_unit
http://www.w3.org/2002/07/owl#NamedIndividual,wgm:gram,gram,Gramm,measurement unit,Maßeinheit,,,,,,,,Wikibase ID: Q78,https://gitlab.com/nfdi4culture/wikibase4research/model/measurement_unit
http://www.w3.org/2002/07/owl#NamedIndividual,wgm:hour,hour,Stunde,measurement unit,Maßeinheit,,,,,,,,Wikibase ID: Q79,https://gitlab.com/nfdi4culture/wikibase4research/model/measurement_unit
http://www.w3.org/2002/07/owl#NamedIndividual,wgm:kilogram,kilogram,Kilogramm,measurement unit,Maßeinheit,,,,,,,,Wikibase ID: Q80,https://gitlab.com/nfdi4culture/wikibase4research/model/measurement_unit
http://www.w3.org/2002/07/owl#NamedIndividual,wgm:square_kilometre,square kilometre,Quadratkilometer,measurement unit,Maßeinheit,,,,,,,,Wikibase ID: Q81,https://gitlab.com/nfdi4culture/wikibase4research/model/measurement_unit
http://www.w3.org/2002/07/owl#NamedIndividual,wgm:kilometre,kilometre,Kilometer,measurement unit,Maßeinheit,,,,,,,,Wikibase ID: Q82,https://gitlab.com/nfdi4culture/wikibase4research/model/measurement_unit
http://www.w3.org/2002/07/owl#NamedIndividual,wgm:litre,litre,Liter,measurement unit,Maßeinheit,,,,,,,,Wikibase ID: Q83,https://gitlab.com/nfdi4culture/wikibase4research/model/measurement_unit
http://www.w3.org/2002/07/owl#NamedIndividual,wgm:milligram,milligram,Milligramm,measurement unit,Maßeinheit,,,,,,,,Wikibase ID: Q84,https://gitlab.com/nfdi4culture/wikibase4research/model/measurement_unit
http://www.w3.org/2002/07/owl#NamedIndividual,wgm:minute,minute,Minute,measurement unit,Maßeinheit,,,,,,,,Wikibase ID: Q85,https://gitlab.com/nfdi4culture/wikibase4research/model/measurement_unit
http://www.w3.org/2002/07/owl#NamedIndividual,wgm:millilitre,millilitre,Milliliter,measurement unit,Maßeinheit,,,,,,,,Wikibase ID: Q86,https://gitlab.com/nfdi4culture/wikibase4research/model/measurement_unit
http://www.w3.org/2002/07/owl#NamedIndividual,wgm:millimetre,millimetre,Millimeter,measurement unit,Maßeinheit,,,,,,,,Wikibase ID: Q87,https://gitlab.com/nfdi4culture/wikibase4research/model/measurement_unit
http://www.w3.org/2002/07/owl#NamedIndividual,wgm:square_metre,square metre,Quadratmeter,measurement unit,Maßeinheit,,,,,,,,Wikibase ID: Q88,https://gitlab.com/nfdi4culture/wikibase4research/model/measurement_unit
http://www.w3.org/2002/07/owl#NamedIndividual,wgm:metre,metre,Meter,measurement unit,Maßeinheit,,,,,,,,Wikibase ID: Q89,https://gitlab.com/nfdi4culture/wikibase4research/model/measurement_unit
http://www.w3.org/2002/07/owl#NamedIndividual,wgm:second,second,Sekunde,measurement unit,Maßeinheit,,,,,,,,Wikibase ID: Q90,https://gitlab.com/nfdi4culture/wikibase4research/model/measurement_unit
http://www.w3.org/2002/07/owl#NamedIndividual,wgm:byte,byte,Byte,measurement unit,Maßeinheit,,,,,,,,Wikibase ID: Q91,https://gitlab.com/nfdi4culture/wikibase4research/model/measurement_unit
http://www.w3.org/2002/07/owl#DatatypeProperty,wgm:wikidata_id,Wikidata id,Wikidata ID,identifier from Wikidata,Identifikator aus Wikidata,,,,,,,,"Wikibase ID: P104,Wikibase datatype: external-id",
http://www.w3.org/2002/07/owl#DatatypeProperty,wgm:formatter_uri,formatter uri for rdf resource,URI-Formatierer für RDF-Ressource,"URI template from which ""$1"" can be automatically replaced with the effective property value on items (it is the URI of the resources, not the URI of the RDF file describing it)","URI-ähnliche Zeichenkette, wie ""https://wikidata.org/wiki/$1/"", bei der ""$1"" automatisch ersetzt wird mit dem tatsächlichen Eigenschaftswert eines Datenobjekts (URI der Ressource, nicht der RDF-Datei)",,,,,,,,"Wikibase ID: P54,Wikibase datatype: string",
http://www.w3.org/2002/07/owl#ObjectProperty,wgm:has_degree_of_certainty,degree of certainty,Grad der Sicherheit,"degree of certainty for a statement, can be low, mid, high or unknown","Grad der Sicherheit einer Aussage; kann niedrig, mittel, hoch oder unbekannt sein",,,,,,,,"Wikibase ID: P122,Wikibase datatype: wikibase-item",
http://www.w3.org/2002/07/owl#Class,wgm:degree_of_certainty,degree of certainty,Grad der Sicherheit,used in statements for expressing the degree of certainty,"wird für Aussagen verwendet, um den Grad der Sicherheit auszudrücken",https://gitlab.com/nfdi4culture/wikibase4research/model/conceptual_object,,,,,,,Wikibase ID: Q92,
http://www.w3.org/2002/07/owl#NamedIndividual,wgm:high,high,hoch,degree of certainty of a statement,Grad der Sicherheit einer Aussage,https://gitlab.com/nfdi4culture/wikibase4research/model/degree_of_certainty,,,,,,,Wikibase ID: Q93,
http://www.w3.org/2002/07/owl#NamedIndividual,wgm:mid,mid,mittel,degree of certainty of a statement,Grad der Sicherheit einer Aussage,https://gitlab.com/nfdi4culture/wikibase4research/model/degree_of_certainty,,,,,,,Wikibase ID: Q94,
http://www.w3.org/2002/07/owl#NamedIndividual,wgm:low,low,niedrig,degree of certainty of a statement,Grad der Sicherheit einer Aussage,https://gitlab.com/nfdi4culture/wikibase4research/model/degree_of_certainty,,,,,,,Wikibase ID: Q95,
http://www.w3.org/2002/07/owl#NamedIndividual,wgm:unknown,unknown,unbekannt,degree of certainty of a statement,Grad der Sicherheit einer Aussage,https://gitlab.com/nfdi4culture/wikibase4research/model/degree_of_certainty,,,,,,,Wikibase ID: Q96,
http://www.w3.org/2002/07/owl#Class,wgm:attribute_assignment,attribute assignment,Merkmalszuweisung,event where an attribute was assigned,Ereignis bei dem ein Merkmal zugewiesen wurde,https://gitlab.com/nfdi4culture/wikibase4research/model/event,,,,,http://www.cidoc-crm.org/cidoc-crm/E13_Attribute_Assignment,,Wikibase ID: Q97,
http://www.w3.org/2002/07/owl#ObjectProperty,wgm:was_born,birth,Geburt,points to birth event,verweist auf Geburtsereignis,,,,,,,http://www.cidoc-crm.org/cidoc-crm/P98i_was_born,"Wikibase ID: P115,Wikibase datatype: wikibase-item",
http://www.w3.org/2002/07/owl#ObjectProperty,wgm:custody_transferred_by,custody transferred by,wechselte Besitz durch,points to change of custody event,verweist auf Besitztitelwechselereignis,,,,,,,http://www.cidoc-crm.org/cidoc-crm/P30i_custody_transferred_through,"Wikibase ID: P131,Wikibase datatype: wikibase-item",
http://www.w3.org/2002/07/owl#ObjectProperty,wgm:ownership_changed_by,ownership changed by,Eigentümerwechsel durch,points to change of ownership event,verweist auf Eigentumswechselereignis,,,,,,,http://www.cidoc-crm.org/cidoc-crm/P24i_changed_ownership_through,"Wikibase ID: P117,Wikibase datatype: wikibase-item",
http://www.w3.org/2002/07/owl#ObjectProperty,wgm:created_by,created by (event),hergestellt durch,points to creation event,verweist auf Herstellungsereignis,,,,,,,http://www.cidoc-crm.org/cidoc-crm/P108i_was_produced_by,"Wikibase ID: P132,Wikibase datatype: wikibase-item",
http://www.w3.org/2002/07/owl#ObjectProperty,wgm:died,death,Tod,points to death event,verweist auf Todesereignis,,,,,,,http://www.cidoc-crm.org/cidoc-crm/P100i_died_in,"Wikibase ID: P119,Wikibase datatype: wikibase-item",
http://www.w3.org/2002/07/owl#ObjectProperty,wgm:destroyed_by,destroyed by,zerstört durch,points to destruction event,verweist auf Zerstörungsereignis,,,,,,,http://www.cidoc-crm.org/cidoc-crm/P13i_was_destroyed_by,"Wikibase ID: P120,Wikibase datatype: wikibase-item",
http://www.w3.org/2002/07/owl#ObjectProperty,wgm:modified_by,modified by,wurde verändert durch,points to modifcation event,verweist auf Modifikationsereignis,,,,,,,http://www.cidoc-crm.org/cidoc-crm/P31i_was_modified_by,"Wikibase ID: P133,Wikibase datatype: wikibase-item",
http://www.w3.org/2002/07/owl#ObjectProperty,wgm:moved_by,moved by,Ortswechsel durch,points to move event,Verweist auf Ortswechselereignis,,,,,,,http://www.cidoc-crm.org/cidoc-crm/P25i_moved_by,"Wikibase ID: P134,Wikibase datatype: wikibase-item",
http://www.w3.org/2002/07/owl#ObjectProperty,wgm:attribute_assigned_by,attribute assigned by,Merkmal zugewiesen durch,points to attribute assignment event,verweist auf Merkmalszuweisungsereignis,,,,,,,http://www.cidoc-crm.org/cidoc-crm/P140i_was_attributed_by,"Wikibase ID: P123,Wikibase datatype: wikibase-item",
http://www.w3.org/2002/07/owl#ObjectProperty,wgm:added_by,added by,hinzugefügt durch,points to part addition event,verweist auf Teilhinzufügungsereignis,,,,,,,http://www.cidoc-crm.org/cidoc-crm/P111i_was_added_by,"Wikibase ID: P135,Wikibase datatype: wikibase-item",
http://www.w3.org/2002/07/owl#ObjectProperty,wgm:removed_by,removed by,entfernt durch,points to part removal event,verweist auf Teilentfernungsereignis,,,,,,,http://www.cidoc-crm.org/cidoc-crm/P113i_was_removed_by,"Wikibase ID: P136,Wikibase datatype: wikibase-item",
http://www.w3.org/2002/07/owl#ObjectProperty,wgm:transformed_by,transformed by,wurde umgewandelt durch,points to transformation event,verweist auf ein Umwandlungsereignis,,,,,,,http://www.cidoc-crm.org/cidoc-crm/P124i_was_transformed_by,"Wikibase ID: P128,Wikibase datatype: wikibase-item",
http://www.w3.org/2002/07/owl#DatatypeProperty,wgm:diameter,diameter,Durchmesser,diameter of an item,Durchmesser eines Objekts,,https://gitlab.com/nfdi4culture/wikibase4research/model/has_dimension,https://gitlab.com/nfdi4culture/wikibase4research/model/physical_object,http://www.w3.org/2001/XMLSchema#float,,,https://www.wikidata.org/entity/P2386,"Wikibase ID: P105,Wikibase datatype: quantity",
http://www.w3.org/2002/07/owl#DatatypeProperty,wgm:event_description,event description,Beschreibung des Ereignisses,free text description field for events,Freitextfeld zur Beschreibung von Ereignissen,,,https://gitlab.com/nfdi4culture/wikibase4research/model/event,http://www.w3.org/2001/XMLSchema#string,,,,"Wikibase ID: P106,Wikibase datatype: string",
http://www.w3.org/2002/07/owl#DatatypeProperty,wgm:alive_during,alive during,lebt zur Zeit,point in time or interval when someone is or was alive,"Zeitpunkt oder Zeitrahmen, in dem eine Person am Leben ist oder war",,,https://gitlab.com/nfdi4culture/wikibase4research/model/human,http://www.w3.org/2001/XMLSchema#date,,,,"Wikibase ID: P108,Wikibase datatype: edtf",
http://www.w3.org/2002/07/owl#DatatypeProperty,wgm:factgrid_id,Factgrid id,Factgrid ID,identifier from Factgrid,Identifikator aus Factgrid,,,,,,,,"Wikibase ID: P109,Wikibase datatype: external-id",
http://www.w3.org/2002/07/owl#ObjectProperty,wgm:has_mime_type,MIME type,MIME Typ,standard indicating the format of a file,Standard der das Format einer Datei angibt,,,https://gitlab.com/nfdi4culture/wikibase4research/model/media_item,,,,,"Wikibase ID: P112,Wikibase datatype: wikibase-item",
http://www.w3.org/2002/07/owl#DatatypeProperty,wgm:bamberg_vocab_id,Bamberg Vocab ID,Bamberg Vocab ID,identifier from Bamberg's Vocabulary for Historical Architecture,Identifikator aus dem Bamberger Vokabular für historische Architektur,,,,,,,,"Wikibase ID: P114,Wikibase datatype: external-id",
http://www.w3.org/2002/07/owl#DatatypeProperty,wgm:external_image,external image URL,externer Link zu Bild,URL that points to a visual representation of this item,URL zu visueller Repräsentation des Objekts,,,https://gitlab.com/nfdi4culture/wikibase4research/model/human_made_object,http://www.w3.org/2001/XMLSchema#string,,,,"Wikibase ID: P116,Wikibase datatype: url",
http://www.w3.org/2002/07/owl#ObjectProperty,wgm:has_occupation,occupation,Beruf,occuption or profession of a person,Beruf einer Person,,,https://gitlab.com/nfdi4culture/wikibase4research/model/human,,,,http://www.wikidata.org/entity/P106,"Wikibase ID: P121,Wikibase datatype: wikibase-item",
http://www.w3.org/2002/07/owl#ObjectProperty,wgm:located_in_country,country,Land,states which country an entity is located in,"gibt an, in welchem Land sich eine Entität befindet",,,https://gitlab.com/nfdi4culture/wikibase4research/model/physical_object,https://gitlab.com/nfdi4culture/wikibase4research/model/country,,,http://www.wikidata.org/entity/P17,"Wikibase ID: P127,Wikibase datatype: wikibase-item",
http://www.w3.org/2002/07/owl#ObjectProperty,wgm:raw_data_created_by,raw data created by (event),Rohdaten hergestellt durch,points to raw data creation event,verweist auf Herstellungsereignis der Rohdaten,,,,,,,,"Wikibase ID: P111,Wikibase datatype: wikibase-item",
http://www.w3.org/2002/07/owl#ObjectProperty,wgm:has_function,function,Funktion,purpose or use of an item,Zweck oder Verwendung eines Objekts,,,https://gitlab.com/nfdi4culture/wikibase4research/model/physical_object,https://gitlab.com/nfdi4culture/wikibase4research/model/function,,,"http://www.cidoc-crm.org/cidoc-crm/P101_had_as_general_use,http://www.wikidata.org/entity/P366","Wikibase ID: P137,Wikibase datatype: wikibase-item",
