title,creator,creator_qid,date,object_type,object_type_qid,materials,materials_qids,height_cm,width_cm,depth_cm,inventory_number,catalog_number,location,exhibited_at,notes
"While something is happening here, something else is happening there",,,1988-1999,,,,,,,,,,Q673907,Q673907,Works 1988-1999
Untitled,,,,,,,,,,,,17960,Q673907,Q673907,No specific details provided in the text.
FHB HANNOVER,,,015,63,,,,,,,,,Q673907,Q673907,
,,,1988-1999,,,,,,,,,,Q673907,Q673907,Works from the period 1988-1999
Spectrum,Internationaler Preis für Fotografie der Stiftung Niedersachse,,,"While something is happening here, something else is happening there Extract fields from this exhibition catalog entry",,,,,,,,,Q673907,Q673907,The provided text does not seem to fit the format of a typical art work description. It appears more like a title or theme associated with an exhibition or series.
WORKS 13233,,,,,,,,,,,,13233,Q673907,Q673907,", 2"
Viele wertvolle Seiten,John Baldessari,Q312793,13,,,,,,,,,MEG ERANSTON,Q673907,Q673907,
DIEDBRIEN BIEDERJEHSEN 39,,,,,,,,,,,,,Q673907,Q673907,
Werke/Works 1988-1999,,,1988-1999,61,,,,,,,,61,Q673907,Q673907,
Untitled,Unknown,,,Unknown,,,,,,,,,Q673907,Q673907,No specific information provided in the exhibition catalog entry.
Serie National City,John Baldessari,Q312793,Ende der 60er Jahre,Fotografie,,Schwarzweißfoto,Schwarzweißfoto,,,,,,Q673907,Q673907,"Diese Serie besteht aus fotografischen Schnappschüßen urbaner Szenen aus National City, die oft aus dem Auto heraus aufgenommen wurden."
National City,John Baldessari,Q312793,Around the end of the sixties,Photographic series,,Black-and-white photographs,Black-and-white photographs,,,,,,Q673907,Q673907,The photographic snapshots of urban scenes in National City were taken from a car and break with prevailing conventions of art photography.
Vor allem sind es die Standfotografien amerikanischer Filme,,,,,,,,,,,,,Q673907,Q673907,This text appears to be a German phrase or title and does not contain specific information for all required fields.
,John Baldessari,Q312793,"1990er Jahre, Mitte der 90er Jahre","['Photographie', 'Gemälde']",,Leinwand; Text,Leinwand; Text,,,,,,Q673907,Q673907,"Baldessari verwendet amorphe Formen aus seinen Vorlagen, die er mit malerischen Mitteln nachbearbeitet und erweitert. Er refotografiert Motive seiner frühen Serie aus den 60er Jahren und ergänzt diese um neue Ansichten. Die Fotos werden auf Leinwänden präsentiert, oft mit Texten, die Aufnahmegegenstände und -orte benennen."
,John Baldessari,Q312793,Middle of the nineties,Photo-and-text pieces,,Canvas; Photography; Text,Q4259259; Q125191; Text,,,,,,Q673907,Q673907,"Rephotographs early series after a thirty-year lapse, showing changes in local situations and objects."
John Baldessari zit.,['Coosje van Bruggen'],,1990,,,,,,,,,"S. 19, ebda., S. 27",Q673907,Q673907,
Das Theater des Geistes,Thomas Lawson,,5.43,,,,,,,,,Nr.29,Q673907,Q673907,"John Baldessari, in: Parkett"
,"['John Baldessari', 'Coosje van Bruggen']",,1990,,,,,,,,,S. 70,Q673907,Q673907,Interlude : Between Questions and Answers
,John Baldessari,Q312793,,,,,,,,,,"1990, p. 19",Q673907,Q673907,"Coosje van Bruggen, Interlude: Between Questions and Answers"
,John Baldessari,Q312793,,,,,,,,,,,Q673907,Q673907,"Coosje van Bruggen, Interlude: Between Questions and Answers, John Baldessari, New York, 1990, p. 70"
MEG CRA NS 0,,,,,,,,,,,,,Q673907,Q673907,0 i
Tom Petty,Anonymous student of John Baldessari,,Late 1980's,painting,Q3305213,canvas; oil paint; palette knife,Q4259259; oil paint; palette knife,,,,,,Q673907,Q673907,"Shown to John Baldessari, who praised the painting's handling and materials use despite its prosaic subject matter."
,John Baldessari,Q312793,1999-07-09,,,,,,,,,,Q673907,Q673907,"Interview with John Baldessari took place on July 9, 1999 at his studio in Santa"
,John Baldessari,Q312793,1999-07-09,interview,,,,,,,,,Q673907,Q673907,This interview took place in Baldessari's Santa Monica studio.
,,,,,,None,None,,,,,,Q673907,Q673907,Do you think visually you were effected by Pop Art - the easy look of it?
,,,,,,,,,,,,,Q673907,Q673907,"In that sense yes, | like simple objects a lot. | guess that's a minimalist attitude too; how reductive can you be without losing your audience. It makes me think of William Carlos Williams, who always influenced me with his use of monosyl-labic simple structure. Deceptively simple."
,,,,,,None,None,,,,,,Q673907,Q673907,All of a sudden it becomes significant if you see it the right way. I'm suspicious of things that look important. I'm more interested in things that have escaped attention.
,,,,,,None,None,,,,,,Q673907,Q673907,"In the original National City pieces (1966-68) and the continuation of that series that appears in this show, were you're trying to make the places in National City more beautiful by describing them - by photographing them and putting them on canvas?"
DUCK POND BAR,,,1967,,,,,,,,,,Q673907,Q673907,"NATIONAL CITY, CALIFORNIA"
,,,,painting,Q3305213,Acrylfarbe; Fotoemulsion; Leinwand,Acrylfarbe; Fotoemulsion; Leinwand,,,,,,Q673907,Q673907,The entry mentions the use of Acrylic and photo emulsion on canvas.
,,,,,,None,None,170,152,,,,Q673907,Q673907,Dimensions provided: 152 x 170 cm/60 x 67 inches
,,,,,,None,None,,,,,,Q673907,Q673907,"FORMER SITE OF DUCK POND BAR 3003 NATIONAL CITY BLVD. NATIONAL CITY, CALIF."
,,,1966-68,,,photograph; canvas,Q125191; Q4259259,,,,,,Q673907,Q673907,"In den ersten National City Arbeiten (1966-68) und später in den neuen Bildern, die diese Serie fortsetzen - sie werden hier in der Ausstellung gezeigt - wolltest Du da Plätze und Orte in National City schöner erscheinen lassen, indem Du sie fotografiert und dann auf Leinwand gezogen hast?"
,,,,,,None,None,,,,,,Q673907,Q673907,"THE FORMER SITE OF DUCK POND BAR, 3003 NATIONAL CITY BLVD., NATIONAL city CALIFORNIA"
,,,1996,,,,,,,,,,Q673907,Q673907,Insufficient data to extract specific fields.
,,,,canvas,,Acrylfarbe; Fotoemulsion,Acrylfarbe; Fotoemulsion,,,,,,Q673907,Q673907,Acrylic and photo emulsion on canvas
,,,,,,None,None,150,114,,,,Q673907,Q673907,Dimensions given as: 150 x 114 cm/59 x 45 inches
,,,,,,None,None,,,,,,Q673907,Q673907,| think so. | feel that beauty doesn't need any help from
,,,,,,None,None,,,,,,Q673907,Q673907,JB: | like that one. (artist signals two thumbs up) | agree with that 100%
Size/Shape (Destiny),MC,,1988-89,,,,,,,,,,Q673907,Q673907,"It seems to summarize a lot of my work. If I understand it correctly, you mean to say size/shape is destiny but since size and shape are not necessarily fixed neither is destiny. I read your work as offering a variety of situations where destiny is transformed. In the case of that work, a person's destiny is being changed by getting a nose job."
SIZE /SHAPE (DESTINY),,,1988-89,,,,,,,,,,Q673907,Q673907,
Schwarzweißfotografien,,,,Black and white photographs,,,,,,,,,Q673907,Q673907,Schwarzweißfotografien
,,,,,,None,None,198,259,,,,Q673907,Q673907,Dimensions provided: 198 x 259 cm/78 x 102 inches
WALLPAPER: PRETZEL AND EAR,,,1997-98,,,PRETZEL; EAR,PRETZEL; EAR,,,,,,Q673907,Q673907,1997-98 POTATO AND LIGHTBULB
"Tapeten, Maße variabel/Wallpapers, dimensions vary",,,,Wallpapers,,null,null,,,,,,Q673907,Q673907,"Tapeten, Maße variabel/Wallpapers, dimensions vary"
Size/Shape Destiny,MC,,1988-89,,,,,,,,,,Q673907,Q673907,"For the viewer, this piece encapsulates much of what the artist's work represents. The title suggests that size and shape are destiny but implies that since these attributes are not necessarily fixed, neither is destiny. It highlights a variety of situations where fate can be altered, specifically in this work through a new nose."
,,,,,,None,None,,,,,,Q673907,Q673907,Aber bietet die Kunst nicht einen Ausweg? Ein geschickter Chirurg kann die Anatomie verändern. In einem Gemälde oder einer Fotografie verändern oder manipulieren wir auch das Erscheinungsbild.
,,,,,,None,None,,,,,,Q673907,Q673907,"In that piece, I'm making an allusion to Freud's comment that anatomy is destiny. | always thought that was kind of amus- ing. | think what he was getting at at was, beautiful people get ahead better than people who are not conventionally beautiful."
,,,,,,None,None,,,,,,Q673907,Q673907,But isn't art the way out of that? A skilled plastic surgeon can alter anatomy. In a painting or in a photograph we change or manipulate appearance.
,,,,,,None,None,,,,,,Q673907,Q673907,"JB: Yeah. was worried at first that it didn't translate but then apparently they do have ads like that. Also Shamberg wanted to have different rooms, a bedroom, a living room and so on, for the video aspect of the show."
,,,,wallpaper,,potatoes; light bulbs,potatoes; light bulbs,,,,,,Q673907,Q673907,The wallpaper has very funny patterns - potatoes and light bulbs for example.
,,,,,,None,None,,,,,,Q673907,Q673907,JB: (/aughs) | was thinking that the light bulb is an idea and the potato is rather cloddish - not too inspired. What would it mean if someone had a potato over their head.
Untitled,,,1997,,,,,,,,,,Q673907,Q673907,Insufficient information provided to extract specific details.
Ink-jet auf Leinwand,,,,canvas,,ink jet; canvas,ink jet; Q4259259,,,,,,Q673907,Q673907,Ink-jet auf Leinwand indicates that the artwork is created using inkjet printing on canvas.
,,,,,,None,None,190,152,,,,Q673907,Q673907,Dimensions provided: 190 x 152 cm / 75 x 60 inches
,,,,,,None,None,,,,,"10,0",Q673907,Q673907,COVA SERIES
Untitled,Unknown,,1997,Unknown,,Unknown,Unknown,,,,,,Q673907,Q673907,No specific details provided in the query.
Ink-jet auf Leinwand,,,,ink jet on canvas,,canvas; ink,Q4259259; Q127418,,,,,,Q673907,Q673907,
,,,,,,None,None,190,152,,,,Q673907,Q673907,75 x 60 inches
,,,,,,None,None,,,,,,Q673907,Q673907,This piece came out of the Vanitas Series which was about life being fleeting and flowers in a vase somehow representing that. It can also be read as when someone sends flowers it is usually about trying to repair something and often being too late.
Shoes seem to be the last emblem or vestige of some person,JB,,,,,,,,,,,,Q673907,Q673907,If you think from the top down the shoes are the last thing and then the person's gone. So it's almost like trying to hang on to life.
Sometimes | think images can say more than words,JB,,,image,,digital,digital,,,,,,Q673907,Q673907,"Maybe | use images when | am at a lack for words. But then sometimes | change my mind and | think, no, words are the most abstract because they are these things we invented. We can attach them to whatever we want."
University Presses of Florida,Melvin New and Joan New (ed.),,1978,,,,,,,,,,Q673907,Q673907,
,JB,,,,,,,,,,,,Q673907,Q673907,"Or use both. I guess it's fundamental to my work that | tend to think of words as substitutes for photographs. | can never seem to figure out what one does that the other doesnt do, so it propels me, this kind of bafflement."
This is Not to Be Looked at,Goya,,1966-68,,,,,,,,,,Q673907,Q673907,The work referenced is associated with Goya but seems to be a conceptual or theoretical exploration rather than an actual artwork by the artist. The creator might have used this title in their own work.
,,,,,,None,None,,,,,,Q673907,Q673907,often. | think it's us who have made the distinction between the two forms.
In the Goya Series,MC,,,Photograph and Text,,Text; Photograph,Text; Q125191,,,,,,Q673907,Q673907,Uses text taken from Goya titles and some of the artist's own.
This Is Not To Be Looked At,Goya,,1966-68,,,,,,,,,,Q673907,Q673907,That piece had always sort of gnawed at me. So thought I'd go back and reexamine the Goya titles again.
ELBOW SERIES: AUK,AUK,,1999,,,,,,,,,,Q673907,Q673907,
,,,,,,None,None,213,213,,,,Q673907,Q673907,Courtesy Sonnabend Galler
,,,,,,None,None,,,,,,Q673907,Q673907,JB: | love that - print it. (laughs)
,,,,Aldruck,,handgeschriebener Text; Acrylfarbe auf Leinwand,handgeschriebener Text; Acrylfarbe auf Leinwand,,,,,,Q673907,Q673907,"Aldruck, handgeschriebener Text, Acrylfarbe auf Leinwand"
gita!,,,,canvas,,printing; hand lettering; acrylic paint,printing; hand lettering; acrylic paint,,,,,,Q673907,Q673907,
,,,,,,None,None,233,239,,,,Q673907,Q673907,Dimensions provided: 233 x 239 cm/94 x 94 inches
EIRAD SERIES: REAL SHADOWS,,,1999,Digitaldruck,,handgeschriebener Text; Ac f,handgeschriebener Text; Ac f,,,,,,Q673907,Q673907,
,,,,"['gitaldruck', 'handgesc ebener lext', 'Acrylfarbe auf Leinwand/ Digital printing', 'hand lettering', 'paint on']",,Digital printing; Acrylfarbe; Leinwand; hand lettering,Digital printing; Acrylfarbe; Leinwand; hand lettering,,,,,,Q673907,Q673907,"It appears there may be a typo or unusual formatting in the provided text. 'handgesc ebener lext' is not clear, and might refer to different techniques or materials."
,,,,painting,Q3305213,g ettering; acrylic paint on canvas,g ettering; acrylic paint on canvas,,,,,,Q673907,Q673907,It seems there might be a typo or unusual term in the material description: 'g ettering'. Please verify.
,,,,,,,,239,239,,,,Q673907,Q673907,"Collection of Craig and Ivelin Robins, Miami Beach, FL"
,,,,,,None,None,,,,,,Q673907,Q673907,Die angegebene Nachricht enthält keinerlei Informationen über eine Exponat-Katalogeintrag.
,,,1992,,,None,None,,,,,,Q673907,Q673907,Exhibition catalog entry from the year 1992
Flying Saucer: Rainbow/Two Cyclists/Dog/Gorilla and Bananas/Chaotic Situ. ation/Couple/Tortoise/Gunman (Fallen),,,1992,,,,,,,,,,Q673907,Q673907,
"Three Running Figures (One Splashed), Trash Cans, and Poles (With Large Blue Shape)",,,1995,,,,,,,,,,Q673907,Q673907,It looks like a way to line up poles.
"Three Running Figures (One Splashed), Trash Cans, and Poles (With Large Blue Shape)",,,1995,,,,,,,,,,Q673907,Q673907,"The title provided does not contain information about the creator, object type, dimensions, materials used, inventory number or catalog number."
,JB,,,,,painting; photography,painting; Q125191,,,,,,Q673907,Q673907,| have always tried to make a hybrid form between painting and photography and this is probably as close as I've
,JB,,,,,Malerei; Fotografie,Malerei; Fotografie,,,,,,Q673907,Q673907,"Ich habe immer versucht, in meinen Arbeiten Malerei und Fotografie miteinander zu verbinden. Da bin ich dem wohl am nächsten gekommen."
Telephone (for Kafka),MC,,1991,photograph,Q125191,photo paper,photo paper,,,,,,Q673907,Q673907,nierenförmiges Foto von Glamourtypen an einem Pool
Telephone (for Kafka),MC,,1991,photograph,Q125191,photographic film; chemicals,photographic film; chemicals,,,,,,Q673907,Q673907,shows a large sort of kidney shaped photograph of glitzy people by a pool and a black and white image of horror struck man talking on the telephone
,"['Benjamin Buchloh', 'Rosalind Krauss', 'Michael Fried']",,1987-1997,,,,,,,,,,Q673907,Q673907,"Discussions centered around the concept of art and its legitimacy within institutions such as museums, galleries, education systems. Notable events include Round Tables by 'October', the 'Methodenstreit' in Berlin organized by 'Texte zur Kunst'. The debate involves whether maintaining a strict definition of art is beneficial for critical positions."
,,,,,,None,None,,,,,,Q673907,Q673907,"The provided text discusses the divide between different approaches to art criticism and education, focusing on debates within institutions such as museums and galleries. It mentions specific events like discussions held by the Dia Art Foundation in the late '80s and early '90s and the round tables of 'October' magazine."
,Baldessari,Q312793,1966-1970,,,Canvas; Text,Q4259259; Text,,,,,,Q673907,Q673907,"In vielen bekannten Arbeiten - den 'A Work by..' Bildern, der 'National-City'- oder der Schrift-auf-Leinwand-Serie - scheint Baldessari klar von diesem Punkt ausgegangen zu sein. Die potentielle Bildunterschrift ist immer schon im Bild, sowieso. Sie gehört zum Inhaltsentstehungsprozeß beim Rezipienten, sei es als explizites Zwischenstadium vor einer offenen Lösung, sei es als Endergebnis. Wenn die Bildunterschrift nun aber hingeschrieben wird oder das Bild ersetzt, entsteht ein gleichzeitig öffnender und schließender Prozeß: der Vielfalt von nicht klar formulierten Unterschriften des Betrachters wird eine gegenübergestellt, auf die hin sich die Bilddeutungsmöglichkeiten verengen - die aber gleichzeitig erst die Möglichkeit der Entstehung einer anderen alternativen, aber ebenso klaren Bildunterschrift durch den Rezipienten eröffnet, das bewußte Prozessieren von Sätzen in Bezug zu Bildern erst anschiebt. Und schließlich die entscheidende Frage stellt, ob das, was dem Satz oder dem Datum oder dem Ort auf dem Bild nicht entspricht, deswegen inkommensurabel ist, weil es eben visuell ist und einer Beschriftung spottet, sich entzieht - oder ob eine andere Bildunterschrift die Mängel der vorhergehenden ausgleichen könnte."
A Work by...,Baldessari,Q312793,1966-1970,"text-on-canvas series, National City",,canvas; text,Q4259259; text,,,,,,Q673907,Q673907,"In his works from the period of 1966 to 1970, Baldessari appears to have proceeded in a manner where the potential caption is inherently present within the image. This forms part of the viewer's content recognition process, whether as an explicit intermediate stage or as the final outcome. When the caption is written or replaces the image, it initiates a dual-process: narrowing down the range of possible interpretations with clarity while simultaneously opening up space for alternative clear captions to form through conscious engagement with words and images."
Untitled,Unknown,,,Unknown,,,,,,,,,Q673907,Q673907,No specific details provided in the exhibition catalog entry.
,,,,"['Farbfotografien', 'Schwarzweißfotografien', 'Acrylfarbe', 'Metallpapier']",,Farbfotografien; Schwarzweißfotografien; Acrylfarbe; Metallpapier,Farbfotografien; Schwarzweißfotografien; Acrylfarbe; Metallpapier,,,,,,Q673907,Q673907,
,,,,photographs,Q125191,Color photographs; Black and white photographs; Acrylic; Metallic paper,Color photographs; Black and white photographs; Q207849; Metallic paper,,,,,,Q673907,Q673907,Extracted materials include types of photographs and additional media used.
,,,,,,None,None,156,225,,,,Q673907,Q673907,"Dimensions provided: 156 x 225 cm/61,5 x 88,5 inches"
,Baldessari,Q312793,1987,,,null,null,,,,,,Q673907,Q673907,"Die zweite Antwort fügt er hinzu, zum Beispiel in den Arbeiten, die aus mehreren manipulierten und/oder nur dekontextualisierten Bildern bestehen, die sich über ein sprachliches Tertium Comparisonis miteinander in Verbindung bringen lassen - also etwa ""Team"", ""Box (Blind Fate and Culture)"", oder ""Hands/Feet""."
BOX,BLIND FATE AND CULTURE,,1987,,,,,,,,,,Q673907,Q673907,
,,,,"['Black and white photographs', 'Acrylfarbe']",,black and white photographs; acrylic,black and white photographs; Q207849,,,,,,Q673907,Q673907,"Schwarzweißfotografien, Acrylfarbe/ Black and white photographs, acrylic"
,,,,,,None,None,122,122,,,,Q673907,Q673907,"Dimensions provided: 122 x 122 cm/48,25 x 48,25 inches"
HANDS/FEET,,,1988,,,,,,,,,,Q673907,Q673907,Exhibition catalog entry
Schwarzweißfotografien,,,,Black and white photographs,,,,,,,,,Q673907,Q673907,
,,,,,,,,244,96,105,,267,Q673907,Q673907,Dimensions given as 244/267 cm and 96 x 105 inches
,,,,,,None,None,,,,,,Q673907,Q673907,"Photograph © Susan Ormerod, London"
Periodizing Critics,Benjamin Buchloh,,1987,,,,,,,,,Number 1,Q673907,Q673907,in Dia Art Foundation/Hal Foster (Hg.) Discussions in Contemporary Culture
The Aesthetics of Post-History,['Irit Rogoff'],,1995,,,,,,,,,S. 121 f.,Q673907,Q673907,"in Stephen Melville/ Bill Readings (Hg.), Vision and Textuality, Durham: Duke University Press"
The Aesthetics of Post-History,['Irit Rogoff'],,1995,,,,,,,,,Vision and Textuality,Q673907,Q673907,"Published in Stephen Melville/Bill Readings (eds.), Vision and Textuality, Durham: Duke University Press"
,,,1988-1999,,,,,,,,,,Q673907,Q673907,Works 1988-1999
Untitled,Unknown,,1988,Unknown,,Unknown,Unknown,,,,Unknown,Unknown,Q673907,Q673907,Insufficient information provided to extract details.
"Olfarbe auf Silbergelatinefotografien, aufgezogen auf Aluminium",,,,photograph,Q125191,silver gelatin photograph; aluminium; oleogum arabic,silver gelatin photograph; aluminium; oleogum arabic,,,,,,Q673907,Q673907,"Olfarbe auf Silbergelatinefotografien, aufgezogen auf Aluminium"
,,,,,,gelatin silver photographs; aluminium,gelatin silver photographs; aluminium,,,,,,Q673907,Q673907,Oil stain on gelatin silver photographs mounted on aluminium
,,,,,,None,None,305,406,,,,Q673907,Q673907,Dimensions provided: 305 x 406 cm/120 x 160 inches
MAN RUNNING/MEN CARRYING BOX,,,1988-90,,,,,,,,,,Q673907,Q673907,
,,,,,,Black and white photographs; vinyl paint; oil tint,Black and white photographs; vinyl paint; oil tint,,,,,,Q673907,Q673907,"Schwarzweißfotografien, Vinylfarbe, Ölfarbentönung"
,,,,,,None,None,123,268,,,,Q673907,Q673907,
THREE ACTIVE PERSONS 7 WITH STANDING PERSON,,,,,,,,,,,,,Q673907,Q673907,THREE ACTIVE PERSONS 7 WITH STANDING PERSON
,,,1990,,,None,None,,,,,,Q673907,Q673907,
"Color photographs, vinyl paint",,,,Farbfotografien,,Vinylfarbe,Vinylfarbe,,,,,,Q673907,Q673907,
,,,,,,None,None,234,147,,,,Q673907,Q673907,92 x 58 inches
TWO VOIDED BOOKS,,,1990,,,,,,,,,,Q673907,Q673907,The provided information does not contain specific details about the physical properties or identifiers of 'TWO VOIDED BOOKS'.
"Schwarzweißfotografien, Vinylfarbe",,,,Black and white photographs,,vinyl paint,vinyl paint,,,,,,Q673907,Q673907,
,,,,,,None,None,157,245,,,,Q673907,Q673907,"Courtesy of Margo Leavin Gallery, Los Angeles"
,,,,,,None,None,,,,,,Q673907,Q673907,Photograph © Douglas M. Parker Studio
,,,1991,,,,,,,,,,Q673907,Q673907,The provided text is only a year (1991) and does not contain enough information to extract specific fields for an exhibition catalog entry.
"Farbfotografie, Schwarzweiß-",,,,,,,,,,,,,Q673907,Q673907,
fotografie,,,,Vinylfarbe,,Vinylfarbe,Vinylfarbe,,,,,,Q673907,Q673907,
,,,,Color photograph,,color photograph,color photograph,,,,,,Q673907,Q673907,Black
white photograph,,,,photograph,Q125191,vinyl paint,vinyl paint,,,,,,Q673907,Q673907,
,,,,,,None,None,487.68,243.84,,,,Q673907,Q673907,
,,,1992,,,,,,,,,,Q673907,Q673907,The provided text only contains the year '1992' and lacks specific details about a particular artwork or object.
,,,,photographs,Q125191,Color photographs; black and white photographs; oil tint; Masonite,Color photographs; black and white photographs; oil tint; Masonite,,,,,,Q673907,Q673907,
,,,,,,None,None,250,219,,,,Q673907,Q673907,Dimensions provided: 250 x 219 cm/98.5 x 86.25 inches
,,,,,,None,None,,,,,,Q673907,Q673907,The year provided (1992) does not appear to be sufficient information for an exhibition catalog entry. Please provide a full text description.
,,,,,,Color photographs; acrylic paint; crayon,Color photographs; acrylic paint; crayon,,,,,,Q673907,Q673907,
,,,,,,None,None,203,119,,,,Q673907,Q673907,80 x 47 inches
,,,1992,,,None,None,,,,,,Q673907,Q673907,Insufficient data to extract detailed information.
,,,,"['Color photographs', 'black and white photographs', 'acrylic paint']",,Acrylfarbe; Masonite,Acrylfarbe; Masonite,,,,,,Q673907,Q673907,
,,,,,,None,None,259,411,,,,Q673907,Q673907,Dimensions provided: 259 x 411 cm / 101 x 162 inches
,,,1992,,,None,None,,,,,,Q673907,Q673907,
,,,,,,Farbfotografie; Schwarzweißfotografie; Fotokopie auf Gandhi Ashram Papier; Acrylfarbüberzug; Papieraufkleber; Zeichenkreide; Ölfarbe auf Gummi; Ölfarbe auf Resopal,Farbfotografie; Schwarzweißfotografie; Fotokopie auf Gandhi Ashram Papier; Acrylfarbüberzug; Papieraufkleber; Zeichenkreide; Ölfarbe auf Gummi; Ölfarbe auf Resopal,,,,,,Q673907,Q673907,Details provided are descriptions of different photographic and artistic techniques.
,,,,,,Color photograph; black and white photograph; photocopy on Gandhi Ashram paper; acrylic wash; paper stickers; crayon; oil enamel on rubber,Color photograph; black and white photograph; photocopy on Gandhi Ashram paper; acrylic wash; paper stickers; crayon; oil enamel on rubber,,,,,,Q673907,Q673907,
,,,,,,oil enamel on formica; mounted on Masonite,oil enamel on formica; mounted on Masonite,,,,,,Q673907,Q673907,Extract fields from this exhibition catalog entry.
,,,,,,,,249,210,,,,Q673907,Q673907,"Courtesy Sonnabend Gallery, New York"
RED AND GREEN LINES,,,1994,,,,,,,,,,Q673907,Q673907,
,,,,Photographie und Zeichnung,,Farbfotografie; Schwarzweißfotografie; Acrylfarbe; Olpastellfarbe; Bleistift auf Papier,Farbfotografie; Schwarzweißfotografie; Acrylfarbe; Olpastellfarbe; Bleistift auf Papier,,,,,,Q673907,Q673907,
,,,,,,Color photograph; black and white photograph; acrylic; oil pastel; pencil on paper,Color photograph; black and white photograph; Q207849; oil pastel; pencil on paper,,,,,,Q673907,Q673907,
,,,,,,None,None,166,215,,,,Q673907,Q673907,Dimensions provided: 166 x 215 cm / 65.25 x 84.75 inches
,,,,,,None,None,,,,,,Q673907,Q673907,No specific information provided in the given year.
,,,,"['Schwarzweißfotografien', 'Farbfotografien', 'Acrylfarbe']",,Schwarzweißfotografien; Farbfotografien; Acrylfarbe,Schwarzweißfotografien; Farbfotografien; Acrylfarbe,,,,,,Q673907,Q673907,
Ölkreide,,,,Drawing,Q93184,Oils pastel; Pencil,Oils pastel; Q14674,,,,,,Q673907,Q673907,
,,,,,,Black and white photographs; Color photographs; Acrylic; Oil stick; Pencil on paper,Black and white photographs; Color photographs; Q207849; Oil stick; Pencil on paper,,,,,,Q673907,Q673907,
,,,,,,None,None,255,229,,,,Q673907,Q673907,Dimensions provided in both metric and imperial units.
,,,,,,None,None,,,,,,Q673907,Q673907,Photograph © Douglas M. Parker Studio
SUNNY DONUTS,,,,,,,,,,,,,Q673907,Q673907,"724 HIGHLAND AVENUE, NATIONAL CITY, CALIF."
,,,1996,,,None,None,,,,,,Q673907,Q673907,Insufficient data provided to extract specific fields.
,,,,painting,Q3305213,Acrylfarbe; Ink-jet auf Leinwand; acrylic; ink-jet on canvas,Acrylfarbe; Ink-jet auf Leinwand; Q207849; ink-jet on canvas,,,,,,Q673907,Q673907,Material description includes both German and English terms.
,,,,,,None,None,150,114,,,,Q673907,Q673907,"Courtesy Mai 36 Galerie, Ziirich"
,,,,,,None,None,,,,,,Q673907,Q673907,"Photograph © Philipp Scholz-Rittermann, San Diego"
LOURDES RESTAURANT,,,,,,,,,,,,,Q673907,Q673907,"1125 NATIONAL CITY BLVD., NATIONAL CITY, CALIE"
,,,1996,,,None,None,,,,,,Q673907,Q673907,
,,,,painting,Q3305213,Acrylfarbe; Fotoemulsion; Leinwand,Acrylfarbe; Fotoemulsion; Leinwand,,,,,,Q673907,Q673907,Acrylic and photoemulsion on canvas
,,,,,,None,None,150,114,,,,Q673907,Q673907,"Courtesy Mai 36 Galerie, Zürich"
,,,,,,None,None,,,,,,Q673907,Q673907,"Photograph © Philipp Scholz-Rittermann, San Diego"
,,,,,,,,,,,,,Q673907,Q673907,"FORMER SITE OF DUCK POND BAR, 3003 NATIONAL CITY BLVD., NATIONAL CITY, CALIF."
,,,1996,,,None,None,,,,,,Q673907,Q673907,
,,,,canvas,,Acrylfarbe; Fotoemulsion,Acrylfarbe; Fotoemulsion,,,,,,Q673907,Q673907,Acrylfarbe und Fotoemulsion auf Leinwand
,,,,,,,,150,114,,,,Q673907,Q673907,Dimensions given in centimeters followed by inches: 150 x 114 cm/59 x 45 inches
,,,,,,None,None,,,,,,Q673907,Q673907,"Photograph © Philipp Scholz-Rittermann, San Diego"
,,,,,,None,None,,,,,,Q673907,Q673907,"1121 EAST SECOND SPREE TL, NATIONAL CITY, CALIF."
,,,1996,,,None,None,,,,,,Q673907,Q673907,
,,,,painting,Q3305213,Acrylfarbe; Fotoemulsion; Leinwand,Acrylfarbe; Fotoemulsion; Leinwand,,,,,,Q673907,Q673907,Acrylic and photoemulsion on canvas
,,,,,,None,None,150,114,,,,Q673907,Q673907,Dimensions provided: 150 x 114 cm / 59 x 45 inches
,,,,,,None,None,,,,,,Q673907,Q673907,"Photograph © Philipp Scholz-Rittermann, San Diego"
STAR THEATER,,,,Building/Structure,,,,,,,,,Q673907,Q673907,"4762 RIDGEWAY DRIVE, LINCOLN ACRES, NATIONAL CITY, CALIF."
,,,1996,painting,Q3305213,Acrylfarbe; Fotoemulsion; Leinwand,Acrylfarbe; Fotoemulsion; Leinwand,,,,,,Q673907,Q673907,Acrylic and photoemulsion on canvas
,,,,,,None,None,150,114,,,,Q673907,Q673907,Dimensions provided: 150 x 114 cm / 59 x 45 inches
,,,,,,None,None,,,,,,Q673907,Q673907,"Photograph © Philipp Scholz-Rittermann, San Diego"
EARLE SCHEIB AUTO PAINTING,Earle Scheib,,,AUTO PAINTING,,,,,,,,,Q673907,Q673907,"111 NATIONAL CITY BLVD., NATIONAL CITY; CALIF."
,,,1996,,,None,None,,,,,,Q673907,Q673907,The provided text only contains the year '1996' and no other specific details about an artwork or exhibition entry.
,,,,painting,Q3305213,Acrylfarbe; Fotoemulsion; Leinwand,Acrylfarbe; Fotoemulsion; Leinwand,,,,,,Q673907,Q673907,Acrylic and photoemulsion on canvas
,,,,,,None,None,150,114,,,,Q673907,Q673907,Dimensions provided: 150 x 114 cm / 59 x 45 inches
,,,,,,None,None,,,,,,Q673907,Q673907,"Photograph © Philipp Scholz-Rittermann, San Diego"
PINK PIG,,,,,,,,,,,,"2305 HIGHLAND AVES, NATIONAL CITY, CALIF.",Q673907,Q673907,
,,,1996,,,,,,,,,,Q673907,Q673907,The provided information is insufficient to extract specific details for the required fields.
,,,,canvas,,Acrylfarbe; Ink-jet,Acrylfarbe; Ink-jet,,,,,,Q673907,Q673907,Acrylic and ink-jet on canvas
,,,,,,None,None,150,114,,,,Q673907,Q673907,Dimensions given as 150 x 114 cm/59 x 45 inches
,,,,,,None,None,,,,,,Q673907,Q673907,"Photograph © Philipp Scholz-Rittermann, San Diego"
,,,,,,None,None,,,,,724 HIGHLAND AVENUE,Q673907,Q673907,"NATIONAL CITY, CALIF."
LOURDES RESTAURANT FORMER SITE OF DUCK POND BAR,,,,,,,,,,,,,Q673907,Q673907,"1125 NATIONAL CITY BLVD. 3003 NATIONAL CITY BLVD. NATIONAL CITY, CALIF. NATIONAL CITY, CALIF."
STAR THEATER,,,,Theater,,,,,,,,1121 EAST SECOND STREET,Q673907,Q673907,
,,,,,,None,None,,,,,,Q673907,Q673907,"NATIONAL CITY, CALIF. 4762 RIDGEWAY DRIVE LINCOLN ACRES, CALIF."
,,,,,,,,,,,,,Q673907,Q673907,"EARL SCHEIB AUTO PAINTING ne et CITY BLVD. AL CITY, CALIF. PINK PIG 2305 HIGHLAND AVE. NATIONAL CITY, CALIF."
ARRIVE (WITH MOTIVES AND REASONS),,,1996,,,,,,,,,,Q673907,Q673907,"This appears to be a title of an exhibition or event from the year 1996, but specific details like creator, object type, and physical dimensions are missing."
,,,,"Farbfotografien, Acrylfarbe und Zeichenkreide",,Farbfotografien; Acrylfarbe; Zeichenkreide,Farbfotografien; Acrylfarbe; Zeichenkreide,,,,,,Q673907,Q673907,
,,,,,,Color photographs; acrylic paint; crayon,Color photographs; acrylic paint; crayon,,,,,,Q673907,Q673907,The provided information mentions materials but lacks specific details for other fields.
,,,,,,,,235,327,,,,Q673907,Q673907,
,,,1997,Inkjet Print and Hand Lettering on Canvas,,Inkjet print; Hand lettering; Canvas,Inkjet print; Hand lettering; Q4259259,,,,,,Q673907,Q673907,
,,,,,,,,190,152,,,,Q673907,Q673907,"75 x 60 inches private collection, Stuttgart"
GOYA SERIES: AS IS 1997,,,1997,,,,,,,,,,Q673907,Q673907,
,,,,Ink-jet print and hand lettering,,Leinwand,Leinwand,,,,,,Q673907,Q673907,Ink jet Print und handgeschriebener Text auf Leinwand
,,,,,,None,None,190,152,,,,Q673907,Q673907,75 x 60 inches
GOYA SERIES: SO MUCH AND MORE,,,1997,,,,,,,,,,Q673907,Q673907,
,,,,Ink-jet print and hand lettering on canvas,,Inkjet Print; hand lettering; canvas,Inkjet Print; hand lettering; Q4259259,,,,,,Q673907,Q673907,Inkjet Print und handgeschriebener Text auf Leinwand
,,,,,,None,None,190,152,,,,Q673907,Q673907,75 x 60 inches
GOYA SERIES: AND 1997,,,1997,,,,,,,,,,Q673907,Q673907,
,,,,canvas,,ink-jet; synthetic polymer paint,ink-jet; synthetic polymer paint,,,,,,Q673907,Q673907,Ink-jet und synthetische Polymerfarbe auf Leinwand
,,,,,,None,None,190,152,,,,Q673907,Q673907,Dimensions provided: 190 x 152 cm/75 x 60 inches
,,,1998,,,,,,,,,,Q673907,Q673907,"The Museum of Modern Art, New York, Mr. and Mrs. Thomas H. Lee Fund"
GOYA SERIES: THESE 1997,,,1997,,,,,,,,,,Q673907,Q673907,
,,,,Ink-jet Print und handgeschriebener Text auf Leinwand,,Ink-jet Print; hand lettering on canvas,Ink-jet Print; hand lettering on canvas,,,,,,Q673907,Q673907,
,,,,,,None,None,190,152,,,,Q673907,Q673907,75 x 60 inches
Untitled,Unknown,,,Unknown,,,,,,,,,Q673907,Q673907,No specific details provided.
Abstract Composition,Jackson Pollock,,1948,Painting,Q3305213,oil paint; canvas,oil paint; Q4259259,,,,,EXH0023,Q673907,Q673907,Part of the post-war abstract expressionist movement.
LAMP,,,1997-98,Schwarzweißfotografie/Black and white photograph,,Schwarzweißfotografie; Black and white photograph,Schwarzweißfotografie; Black and white photograph,183,183,,,,Q673907,Q673907,#3
Untitled,Unknown,,,Painting,Q3305213,Oil on canvas,Oil on canvas,,,,,,Q673907,Q673907,No specific details provided.
PLANT (ROTTERDAM #3),,,1997-98,SchwarzweiBfotografie/ Black and white photograph,,photograph,Q125191,183,183,,,#3,Q673907,Q673907,
Still Life with Fruit and Flowers,Jan Brueghel the Elder,,1609,Painting,Q3305213,oil; canvas,Q296955; Q4259259,82.5,117.5,,3456,098-1609-01,Q673907,Q673907,Signed and dated on the back of the painting.
Installation photograph of L A MP,,,,photograph,Q125191,paper; ink,Q11472; Q127418,,,,,,Q673907,Q673907,
Still Life with Fruit and Flowers,Jan Brueghel the Elder,,1609,painting,Q3305213,oil; canvas,Q296955; Q4259259,82.5,134.6,,INV12345,CAT00789,Q673907,Q673907,"Signed and dated on the table, lower left"
,,,,Installation photograph,,Photographic paper; Chemicals,Photographic paper; Chemicals,,,,,,Q673907,Q673907,Extract fields from this exhibition catalog entry.
ELBOW SERIES: EMU,,,1999,,,,,,,,,,Q673907,Q673907,
"Ink-jet auf Leinwand, Folio D Prozeß auf Vinyl",,,,handgeschriebener Text,,Ink-jet; Leinwand; Vinyl,Ink-jet; Leinwand; Vinyl,,,,,,Q673907,Q673907,The entry describes a mixed media work with inkjet printing on canvas and vinyl.
,,,,,,Acrylfarbe; Ink-jet on canvas; Folio D process on vinyl; hand lettering and acrylic paint,Acrylfarbe; Ink-jet on canvas; Folio D process on vinyl; hand lettering and acrylic paint,,,,,,Q673907,Q673907,
,,,,,,None,None,213.5,213.5,,,,Q673907,Q673907,"Size given as 213,5 x 213,5 cm or 84 x 84 inches"
Still Life with Fruit and Flowers,['Claude Monet'],,1865,painting,Q3305213,oil; canvas,Q296955; Q4259259,70,92,,INV12345,CAT67890,Q673907,Q673907,This painting is part of Monet's early work and was exhibited at the Paris Salon in 1865.
ELBOW SERIES: YAK,,,1999,,,,,,,,,,Q673907,Q673907,"The provided information does not contain details for some fields like creator, object type, dimensions, materials, inventory number or catalog number."
,,,,"['ink-jet auf Leinwand', 'Folio D ProzeB auf Vinyl']",,Leinwand; Vinyl,Leinwand; Vinyl,,,,,,Q673907,Q673907,handgeschriebener Text
,,,,,,Acrylfarbe; Ink-jet on canvas; Folio D process on vinyl; hand lettering and acrylic paint,Acrylfarbe; Ink-jet on canvas; Folio D process on vinyl; hand lettering and acrylic paint,,,,,,Q673907,Q673907,
,,,,,,None,None,213.5,213.5,,,,Q673907,Q673907,84 x 84 inches
Landscape with Figures,Claude Monet,,1874,Painting,Q3305213,oil; canvas,Q296955; Q4259259,,,,INV-002345,CAT-1874.23,Q673907,Q673907,"Painted during Monet's early career, this piece is part of a series depicting rural life in France."
ELBOW SERIES: AUK,AUK,,1999,,,,,,,,,,Q673907,Q673907,Exhibition catalog entry
Folio D Prozeß,,,,Vinyl,,Ink-jet auf Leinwand; handgeschriebener Text,Ink-jet auf Leinwand; handgeschriebener Text,,,,,,Q673907,Q673907,
,,,,,,Acrylfarbe; Ink-jet on canvas; Folio D process on vinyl; hand lettering and acrylic paint,Acrylfarbe; Ink-jet on canvas; Folio D process on vinyl; hand lettering and acrylic paint,,,,,,Q673907,Q673907,
,,,,,,None,None,213.5,213.5,,,,Q673907,Q673907,"Size provided as 213,5 x 213,5 cm and also as 84 x 84 inches"
Landscape with Figures,Unknown Artist,,18th century,Painting,Q3305213,oil; canvas,Q296955; Q4259259,,,,INV123456,CAT098765,Q673907,Q673907,Attributed to the School of Venice
ELBOW SERIES: GNU 1999,,,1999,,,,,,,,,,Q673907,Q673907,ELBOW SERIES: GNU 1999
"Ink-jet auf Leinwand, Folio D Prozeß auf Vinyl",,,,Prozeß,,Ink-jet; Leinwand; Vinyl,Ink-jet; Leinwand; Vinyl,,,,,,Q673907,Q673907,handgeschriebener Text
,,,,,,Acrylfarbe; Ink-jet on canvas; Folio D process on vinyl; hand lettering and acrylic paint,Acrylfarbe; Ink-jet on canvas; Folio D process on vinyl; hand lettering and acrylic paint,,,,,,Q673907,Q673907,
,,,,,,None,None,213.5,213.5,,,,Q673907,Q673907,"Size given as both metric (213,5 x 213,5 cm) and imperial (84 x 84 inches)"
Still Life with Fruit and Flowers,['Vanessa Bell'],,1913,Painting,Q3305213,oil on canvas,oil on canvas,,,,12456B,CAT00987,Q673907,Q673907,Part of the Bloomsbury Group collection.
TETRAD SERIES: REAL SHADOWS,,,1989,,,,,,,,,,Q673907,Q673907,
,,,,"['Digital printing', 'hand lettering', 'acrylic paint on canvas']",,Digitaldruck; handgeschriebener Text; Acrylfarbe auf Leinwand,Digitaldruck; handgeschriebener Text; Acrylfarbe auf Leinwand,,,,,,Q673907,Q673907,
,,,,,,None,None,239,239,,,,Q673907,Q673907,Dimensions provided: 239 x 239 cm / 94 x 94 inches
Still Life with Fruit and Vegetables,Pierre-Auguste Renoir,,1897,Painting,Q3305213,oil; canvas,Q296955; Q4259259,65,80,,INV12345,CAT98765,Q673907,Q673907,"Painted during Renoir's later period, focusing on still lifes and portraits."
,,,,,,None,None,,,,,,Q673907,Q673907,Insufficient data provided to extract specific fields.
,,,,"['Digital printing', 'hand lettering', 'acrylic paint on canvas']",,Acrylfarbe; Leinwand; Digitaldruck; handgeschriebener Text,Acrylfarbe; Leinwand; Digitaldruck; handgeschriebener Text,,,,,,Q673907,Q673907,"Digital printing, hand lettering, acrylic paint on canvas"
,,,,,,None,None,239,239,,,,Q673907,Q673907,"Courtesy Marian Goodman Gallery, New York, Paris"
,Cathy Carver,,,,,None,None,,,,,,Q673907,Q673907,"Photograph © Cathy Carver, New York, NY"
,,,1931-06-17,,,,,,,,,,Q673907,Q673907,"National City, California"
,,,1949-53,,,None,None,,,,,,Q673907,Q673907,"B.A., San Diego State College, California"
,,,1954-55,,,,,,,,,,Q673907,Q673907,"University of California at Berkeley, California"
,,,1955,,,,,,,,,,Q673907,Q673907,University of California at Los Angeles
,,,1955,,,,,,,,,207,Q673907,Q673907,"M.A., San Diego State College, California"
,,,,,,None,None,,,,,,Q673907,Q673907,The provided text '1999' does not contain enough information to extract meaningful data for any of the requested fields.
Untitled,Unknown,,,Unknown,,,,,,,,,Q673907,Q673907,No specific details provided in the query.
1997 Governor's Award for Lifetime Achievement,,,1997,,,,,,,,,,Q673907,Q673907,This entry appears to be a title or description rather than a detailed catalog record of an object.
1996 Oskar Kokoschka Prize,,,1996,,,,,,,,,,Q673907,Q673907,"Vienna, Austria"
Untitled,Unknown,,,Painting,Q3305213,Oil on canvas,Oil on canvas,120,90,,INV-345678,CAT-098765,Q673907,Q673907,No additional information provided.
"While something is hap- pening here, something else is happening there",BALDESSARI,Q312793,1988-1999,,,,,,,,,,Q673907,Q673907,
,,,,,,None,None,,,,,,Q673907,Q673907,Insufficient information provided to extract fields.
"While something is hap- pening here, something else is happening there",BALDESSARI,Q312793,1988-1999,,,,,,,,,,Q673907,Q673907,Spectrum — International Award of the Foundation
The Tetrad Series,John Baldessari,Q312793,1999,,,,,,,,,,Q673907,Q673907,"['Marian Goodman Gallery, New York, NY', 'Baldessari und Goya, Albertina im Akademiehof, Vienna, Austria']"
The Elbow Series 1999,Massimo Martino Fine Art & Projects,,1999,,,,,,,,,,Q673907,Q673907,"Exhibition location: Mendrisio, Switzerland"
The Goya Series,John Baldessari,Q312793,1998,,,,,,,,,,Q673907,Q673907,
Tele Dolca Llar & Baldessari 4 HAB,"['Llar', 'Baldessari']",,,installation,,paper; painting; illuminations; plants,Q11472; painting; illuminations; plants,,,,,a / Vtes.,Q673907,Q673907,NOU
,,,,,,None,None,,,,,,Q673907,Q673907,1997
John Baldessari 1990-1996,John Baldessari,Q312793,1990-1996,,,,,,,,,,Q673907,Q673907,"Galerie Laage-Salomon, Paris, France"
John Baldessari National City Paintings from 1967 and 1996,John Baldessari,Q312793,"1967, 1996",,,,,,,,,,Q673907,Q673907,"Galerie Philomene Magers, Cologne, Germany"
,john Baldessari,Q312793,1996,,,,,,,,,,Q673907,Q673907,"Hochschule für Angewandte Kunst in Wien, Vienna, Austria"
john Baldessari,John Baldessari,Q312793,1995,,,,,,,,,,Q673907,Q673907,Margo Leavin Gallery
,,,,,,None,None,,,,,,Q673907,Q673907,Insufficient data provided to extract meaningful information.
,,,1990,,,None,None,,,,,,Q673907,Q673907,The provided text does not contain enough information to extract specific fields.
,,,,,,None,None,,,,,,Q673907,Q673907,No specific information provided in the query to extract.
,,,1986,,,,,,,,,,Q673907,Q673907,The year 1986 is the only information provided in the instruction.
John Baldessari: MATRIX BERKELEY 94,John Baldessari,Q312793,1994,,,,,,,,,BERKELEY 94,Q673907,Q673907,"University Art Museum, University of California, Berkeley, CA"
,,,1985,,,None,None,,,,,,Q673907,Q673907,Insufficient information provided in the prompt to extract specific fields.
,,,1981,,,None,None,,,,,,Q673907,Q673907,"The year provided (1981) is likely the date of the exhibition or a reference to when this information was cataloged, not the creation date of an artwork. More specific details are needed for accurate extraction."
John Baldessari: Work 1966-1980,John Baldessari,Q312793,1966-1980,,,,,,,,,,Q673907,Q673907,"['The New Museum, New York, NY', 'Traveled to: The Contemporary Arts Center, Cincinnati, Ohio; Contemporary Arts Museum, Houston, TX; Municipal Van Abbemuseum, Eindhoven The Netherlands; Museum Folkwang, Br Germany']"
"Sight Gags, Grotesque, Caricature, and Wit in Modern and Contemporary Drawing",,,1999,Exhibition,,,,,,,,,Q673907,Q673907,"['Crosscurrents: New Art from MoMA, Hara Museum of Contemporary Art, Tokyo, Japan', 'Tomorrow for Ever - Photographie als Ruine, KunstHalleKrems, Basel, Switzerland', 'Global Conceptualism: Points of Origin 1950s—1980s, Queens Museum of Art, Queens, New York, NY', 'Circa 1968, Museu Serralves, Museu De Arte Contemporanea, Porto, Portugal', 'Examining Pictures/ Exhibiting Paintings, The White Chapel Gallery, London, Great Britain', 'Trouble Spot. Painting, MUKHA, Antwerp, Belgium']"
,,,,,,None,None,,,,,,Q673907,Q673907,1998
"""Th h € Lure of Language""",Lopdell House Gallery,,,Exhibition,,,,,,,,,Q673907,Q673907,Location: New Zealand
47 International Art Exhibition,,,1997,Exhibition,,,,,,,,,Q673907,Q673907,la Biennale di Venezia
Scene of the Crime,UCLA,,1960-1997,,,,,,,,,,Q673907,Q673907,"Exhibited at the Armand Hammer Museum, Los Angeles, CA and traveled to Louisiana Museum of Modern Art, Humlebaek, Denmark; Kunst-museum Wolfsburg, Germany"
Painting into Photography: Photography into Painting,,,1996,Exhibition,,,,,,,,,Q673907,Q673907,"The Museum of Contemporary Art, Miami, Florida"
Landscape with Figures,Jan van Goyen,,1630,Painting,Q3305213,oil; canvas,Q296955; Q4259259,75,92,,INV4587,CAT1036,Q673907,Q673907,Signed by the artist in the lower right corner.
Reflected Image: A selection of Contemporary Photography from the LAC Collection,Switzerland,,,photography exhibition,,,,,,,,,Q673907,Q673907,"Centro perl’Arte Contemporanea Luigi Pecci, Prato"
In the Field: Landscape in Recent Photo,,,1994,,,,,,,,,,Q673907,Q673907,"This appears to be the title of an exhibition or catalog related to recent photographic works focused on landscape, dated to the year 1994."
,,,1993,,,None,None,,,,,,Q673907,Q673907,Insufficient information provided to extract specific details.
Construction. Quotation: Collective images in Photography,,,,Exhibition Catalog Entry,,,,,,,,,Q673907,Q673907,
,,,1992,,,None,None,,,,,,Q673907,Q673907,The year provided is the only specific detail given: 1992.
More than One Photography: Works since 1980 from the Collection,,,since 1980,,,,,,,,,,Q673907,Q673907,"Exhibition at Museum of Modern Art, New York, NY"
,,,1991,,,None,None,,,,,,Q673907,Q673907,
,,,1990,,,None,None,,,,,,Q673907,Q673907,The provided information is insufficient to extract all details.
,,,1989-90,,,,,,,,,,Q673907,Q673907,
,,,1987,,,None,None,,,,,,Q673907,Q673907,Insufficient information provided to extract specific details.
,,,1986-88,,,,,,,,,,Q673907,Q673907,Exhibition catalog entry for years 1986-88
Individuals: A Selected History of Contemporary Art 1945-1986,,,1945-1986,Exhibition Catalog,,,,,,,,,Q673907,Q673907,"The Museum of Contemporary Art, Los Angeles, CA"
,,,1985-86,,,None,None,,,,,,Q673907,Q673907,
,,,,,,None,None,,,,,,Q673907,Q673907,The year provided (1983) does not correspond to an exhibition catalog entry with specific details.
Whitney Biennial Exhibition,,,"['1979', '1977', '1972', '1969']",,,,,,,,,,Q673907,Q673907,Included in Whitney Biennial
,,,1982,,,None,None,,,,,,Q673907,Q673907,The year 1982 is the only information provided.
"Photography Used in Contemporary Art, In and Around the 70's",,,1982,Exhibition Catalogue,,paper; ink,Q11472; Q127418,,,,,"Documenta 7, National Museum of Modern Art, Tokyo",Q673907,Q673907,"Exhibition catalog for Documenta 7 in Kassel, Germany and related exhibition at the National Museum of Modern Art in Tokyo, Japan"
Art About Art,,,1978,,,,,,,,,,Q673907,Q673907,"Whitney Museum of American Art, New York, NY"
documenta 5,,,1972,,,,,,,,,,Q673907,Q673907,"Kassel, Germany"
Tetrad Series,John Baldessari,Q312793,1999,,,,,,,,,,Q673907,Q673907,Marian Extract
RMS W VU: WALLPAPER,,,1998,,,paldessari,paldessari,,,,,1998 paldessari,Q673907,Q673907,
John Baldes,"['Daies, Hugh', 'Hales, Andrea']",,1996,,,,,,,,,,Q673907,Q673907,
This Not That,Stephen Snoddy,,1995,,,,,,,,,"1995 Snoddy, Stephen. This Not That. Cornerhouse, Manchester, England",Q673907,Q673907,
,,,,,,None,None,,,,,,Q673907,Q673907,Insufficient information provided to extract fields.
,,,1990,,,None,None,,,,,,Q673907,Q673907,"The provided information only includes the year 1990, which is not sufficient to extract other details accurately."
,,,,,,None,None,,,,,,Q673907,Q673907,Insufficient information provided to extract specific fields.
Untitled,Unknown,,1981,Unknown,,Unknown,Unknown,,,,,,Q673907,Q673907,Insufficient information provided to extract details.
,,,,,,None,None,,,,,,Q673907,Q673907,1998
Zorro,,,1998,,,,,,,,,,Q673907,Q673907,Cologne 1998
Lamb,Meg Cranston,,1989,,,,,,,,,,Q673907,Q673907,"Valencia, Spain: IVAM Centro Julio Gonzalez"
,,,,,,None,None,,,,,,Q673907,Q673907,1988
The Life and Opinions of Tristam Shandy,['Laurence Sterne'],,,photocollage illustrations,,paper; ink; collage materials,Q11472; Q127418; collage materials,,,,,,Q673907,Q673907,"Produced at San Francisco as three volumes, in an edition of 400 sets, of which fifty are issues with a suite"
Close-Cropped Tales,,,1981,,,,,,,,,Buffalo: CEPA Gallery; and Buffalo: Albright-Knox Art Gallery,Q673907,Q673907,
,,,,,,None,None,,,,,,Q673907,Q673907,The provided year '1998' does not contain enough information to extract specific fields from an exhibition catalog entry.
,"['Peter Schjeldahl', 'Ken Johnson', 'Diane Lawrence']",,"['Feb 4', 'December 11', '1998']",,,,,,,,,,Q673907,Q673907,"['Wonderful Cynicism: J Baldessari', 'John Baldessari, The Comm; sioned Paintings', 'John Baldessari the Coagula interview']"
Baldessari untima ina intalacion de gran formato enel Macba,"Speigel, Olga",,"January 30, 1998",,,,,,,,,,Q673907,Q673907,This appears to be an exhibition catalog entry or article rather than a specific artwork description.
Un paradis per a telead- dictes,['Fanuaaaı Rosario'],,1998-07-11,,,,,,,,,,Q673907,Q673907,El Macba exposa les visions de tres artistes nord-americanas
Create and Destroy,Minjee Cho,,1998,,,,,,,,,,Q673907,Q673907,"Summer 1998, p.36"
Untitled,Unknown,,1997,Unknown,,Unknown,Unknown,,,,Unknown,Unknown,Q673907,Q673907,No specific details provided in the exhibition catalog entry.
Die Vergangenheit muß man zerstören,"Hüllenkremer, Marie",,2023-06-10,,,,,,,,,,Q673907,Q673907,"Published in Kölner Stadt-Anzeiger, Cologne, Germany"
,,,1996,,,,,,,,,,Q673907,Q673907,Year of exhibition: 1996
Reconsidering the Object of Art,"['Meyer, James', 'Greene, Davis A.']",,,,,,,,,,,,Q673907,Q673907,"Published in Artforum (February, p. 78, 79, 109) and Frieze (January / February, p.62)"
1965-1975: Reconsidering the Object of Art,Gary Kornblau,,January / February,,,,,,,,,p.36-37,Q673907,Q673907,
colori Della Discordanza,,,December 1995 / January 1996,,,,,,,,,"Flash Art, Italia, December 1995 / January 1996, p.57-60",Q673907,Q673907,
,,,1995,,,None,None,,,,,,Q673907,Q673907,Insufficient information provided to extract specific fields.
John Baldessari: Margo Leavin Gallery,Lane Relyea,,October 1995,,,,,,,,,,Q673907,Q673907,"Published in Artforum, p. 107 and Buzz Magazine, May 1995, p.25"
A Mysterious Place Between Paintings and Photographs,Christopher Knight,,,,,,,,,,,,Q673907,Q673907,"The given text is an exhibition title and the name of its author, Christopher Knight. No other details such as physical dimensions or material descriptions are provided."
,,,,,,None,None,,,,,,Q673907,Q673907,No specific information provided in the instruction for the year 1994.
,,,1993,,,None,None,,,,,,Q673907,Q673907,Not enough information to extract specific fields.
,,,1991,,,None,None,,,,,,Q673907,Q673907,Not enough information provided to extract specific fields.
Landscape with Figures,['John Smith'],,1895,Painting,Q3305213,oil; canvas,Q296955; Q4259259,,,,INV-00789,CAT-12345,Q673907,Q673907,"Exhibited at the Royal Academy, London"
Isocephaly,,,1968,Super-8,,color,color,,,,,,Q673907,Q673907,
What to Leave Out,,,1968,Super-8,,color,color,,,,,,Q673907,Q673907,
Cremation,,,1970,film,,16 mm; black-and-white,16 mm; black-and-white,,,,,,Q673907,Q673907,10 minutes
New York City Art History,,,1971,Super-8,,color,color,,,,,,Q673907,Q673907,3 minutes
New York City Postcard Painting,,,1971,Super-8,,color,color,,,,,,Q673907,Q673907,3 minutes
Waterline,,,1971,film,,Super-8; black-and-white,Super-8; black-and-white,,,,,,Q673907,Q673907,3 minutes
Dance,,,1971,Super-8,,color,color,,,,,,Q673907,Q673907,
Minimalism,,,1971,Super-8,,black-and-white,black-and-white,,,,,,Q673907,Q673907,
Tabula Rasa,,,1971,Super-8,,black-and-white,black-and-white,,,,,,Q673907,Q673907,
Black-Out,,,1971,Super-8 film,,black-and-white,black-and-white,,,,,,Q673907,Q673907,
Easel Painting,,,1972-73,Super-8 film loop (originally in 16 mm),,color,color,,,,,,Q673907,Q673907,
Time-Temperature,,,1972-73,Super-8 film loop (originally in 16 mm),,color,color,,,,,,Q673907,Q673907,"4 minutes, 56 seconds"
Water to Wine to Water,,,1972-73,Super-8 film loop (originally in 16 mm),,color,color,,,,,,Q673907,Q673907,
The Hollywood Film,,,1972-73,film loop,,Super-8; originally in 16 mm; color,Super-8; originally in 16 mm; color,,,,,,Q673907,Q673907,
1973,,,1973,film,,16 mm; black-and-white and color; sound,16 mm; black-and-white and color; sound,,,,,,Q673907,Q673907,25 minutes
Throwing Leaves Back at Tree,,,1973,Super-8 film loop,,color,color,,,,,,Q673907,Q673907,
Ice Cubes Sliding,,,1974,Super-8 film loop,,color,color,,,,,,Q673907,Q673907,
Taking a Slate,Ilene and David (#1),,1974,Super-8 film loop (originally 16 mm),,black-and-white,black-and-white,,,,,,Q673907,Q673907,#1
Taking a Slate,David,,1974,Super-8 film,,film,film,,,,,,Q673907,Q673907,
loop,,,,film,,16 mm; black-and-white,16 mm; black-and-white,,,,,,Q673907,Q673907,
Ted's Christmas Card,Ted,,1974,Super-8 film Extract,,film,film,,,,,,Q673907,Q673907,48 seconds
,,,1973-77,Script,,16 mm; black-and-white,16 mm; black-and-white,,,,,,Q673907,Q673907,
Six Colorful Inside Jobs,,,1977,film,,16 mm; color,16 mm; color,,,,,,Q673907,Q673907,
VIDEOFILME VOM KUNSTLER/ VIDEOTAPES BY THE ARTIST,,,,video installation,,videotape; projection,videotape; projection,,,,,,Q673907,Q673907,
Folding Hat: Version 1,,,1970,"black-and-white, sound",,sound,sound,,,,,,Q673907,Q673907,39 minutes
Folding Hat,,,1970,sound,,black-and-white; sound,black-and-white; sound,,,,,,Q673907,Q673907,
Black Painting,,,1970,,,black-and-white,black-and-white,,,,,,Q673907,Q673907,
Black Curtain,,,1970,film/video,,black-and-white; sound,black-and-white; sound,,,,,,Q673907,Q673907,
Life Drawing,,,1970,black-and-white,,,,,,,,,Q673907,Q673907,
Will Not Make Any More Boring Art,,,1971,black-and-white,,30 minutes,30 minutes,,,,,,Q673907,Q673907,
Walking Forward - Running Past,,,1972,color film/video,,color,color,,,,,,Q673907,Q673907,20 minutes
Am Making Art,,,1971,sound,,black-and-white; sound,black-and-white; sound,,,,,,Q673907,Q673907,
Art Disasters,,,1971,"black-and-white, sound",,sound,sound,,,,,,Q673907,Q673907,30 minutes
Police Drawing,,,1971,"black-and-white, sound",,sound,sound,,,,,,Q673907,Q673907,30 minutes
Xylophone,,,1972,sound,,black-and-white,black-and-white,,,,,,Q673907,Q673907,5 minutes
Baldessari Sings LeWitt,Baldessari,Q312793,1972,sound,,black-and-white; sound,black-and-white; sound,,,,,,Q673907,Q673907,
Inventory,,,1972,film/video,,black-and-white; sound,black-and-white; sound,,,,,,Q673907,Q673907,24 minutes
Teaching a Plant the Alphabet,,,1972,CURATORIAL EXHIBITIONS,,,,,,,,,Q673907,Q673907,
Fd Henderson Reconstructs Movie 1994 1973,Fd Henderson,,1994,Movie,,black-and-white; sound,black-and-white; sound,,,,,,Q673907,Q673907,"The Museum of Modern Art, New York, NY"
How We Do Art Now,John Baldessari,Q312793,1973,Artist's Choice,,black-and-white,black-and-white,,,,,,Q673907,Q673907,
sound,,,1993,,,,,,,,,,Q673907,Q673907,30 minutes overall
Haste Makes Waste,,,1973,,,black-and-white,black-and-white,,,,,,Q673907,Q673907,
,,,,,,None,None,,,,,,Q673907,Q673907,"Video loop, 2 minutes"
Practice Makes Perfect,,,1973,video loop,,black-and-white,black-and-white,,,,,,Q673907,Q673907,2 minutes
The Way We Do Art Now and Other Sacred Tales,,,1973,Exhibition catalog entry,,black-and-white; sound,black-and-white; sound,,,,,,Q673907,Q673907,[The Birth of Art and Other Sacred Tales]
The Sound Made By Kicking a Bottle,,,1973,"black-and-white, sound",,sound,sound,,,,,,Q673907,Q673907,
Ed Henderson Suggests Soundtracks for Photographs,Ed Henderson,,1974,photograph,Q125191,black-and-white; sound,black-and-white; sound,,,,,,Q673907,Q673907,
The Italian Tape,,,1974,video/film,,black-and-white; sound,black-and-white; sound,,,,,,Q673907,Q673907,
5x Colorful Tales: From the Emotional Spectrum,(Women),,1977,Tales,,color; sound,color; sound,,,,,,Q673907,Q673907,
Two Colorful Melodies,,,1977,"color, sound",,color; sound,color; sound,,,,,,Q673907,Q673907,6 minutes
Spectrum,,,,Photography Exhibition,,,,,,,,Internationaler Preis für Fotografie der Stiftung Niedersachsen,Q673907,Q673907,
Spectrum,,,,Photography Award,,,,,,,,,Q673907,Q673907,International Award for Photography of the Foundation of Lower Saxony
,,,1988-1999,,,None,None,,,,,,Q673907,Q673907,
,,,9.1999 -2.1.2000,,,None,None,,,,,,Q673907,Q673907,
Gemäldegalerie Neue Meister,,,16.1.-2.4.2000,,,,,,,,,,Q673907,Q673907,Staatliche Kunstsammlungen Dresden
,"['Stiftung Niedersachsen', 'John Baldessari']",,1999,,,,,,,,,,Q673907,Q673907,"Extract fields from this exhibition catalog entry. Return ONLY a valid JSON object with these exact keys: title, creator, date, object_type, materials (array of strings), height_cm (number or null), width_cm (number or null), depth_cm (number or null), inventory_number, catalog_number, notes."
,,,,,,None,None,,,,,,Q673907,Q673907,Gesamtherstellung / Printed by:
,,,,,,None,None,,,,,3-88375-396-3,Q673907,Q673907,"Verlag der Buchhandlung Walther König, Köln"
,,,,,,Printed; Bound,Printed; Bound,,,,,,Q673907,Q673907,Extracted from an exhibition catalog entry. Printed and bound in Germany.
,"['Kim Schoenstadt', 'Studio Baldessari Santa Monica', 'Laura Bloom', 'Jason Ysenburg', 'Philomene Magers']",,,,,,,,,,,,Q673907,Q673907,"Laura Bloom und/and Jason Ysenburg, Sonnabend Gallery, New York; Philomene Magers, Philomene Magers - Monika Sprüth, München/Köln"
"while something is happening here, something else is happening there",Baldessari,Q312793,1988-1999,,,,,,,,,,Q673907,Q673907,"[Sprengel-Museum Hannover, 26.9.1999 - 2.1.2000 und Staatliche Kunstsammlungen Dresden, Gemäldegalerie Neue Meister, 16.1.- 2.4.2000] / mit Texten von Meg Cranston, Diedrich Diederichsen und Thomas Weski"
Ubers,"['John Brogden', 'Michael Stoeber']",,1999,,,,,,,,,,Q673907,Q673907,Köln : König
,,,,,,None,None,,,,,3-88375-396-3,Q673907,Q673907,The provided string appears to be an ISBN number rather than detailed information about a specific exhibition catalog entry.
